run_date,mode,ticker,sector,company_news_score,company_news_available,company_headlines,sector_news_score,sector_news_available,sector_headlines,macro_score,macro_event,macro_available,macro_headlines
2026-03-11 23:43,market_scan,,Banking,,False,,-0.224,True,Fraud Strategy launch | Why stablecoins are becoming the preferred payment method in online casinos | Open banking presents £43bn opportunity for UK economy if warnings are heeded,-0.573,Geopolitical event detected,True,
2026-03-11 23:43,market_scan,,Insurance,,False,,0.039,True,"How a grassroots UK campaign sparked a multi-billion-dollar exit from public fossil fuel finance | Global Leaders Race to Shield Their Economies From War Shocks | Erik Visits an American Grave, Part 2,097",-0.573,Geopolitical event detected,True,
2026-03-11 23:43,market_scan,,FinServices,,False,,0.558,True,Neko Health eyes US expansion armed with new chief medical officer | Fraud Strategy launch | How a grassroots UK campaign sparked a multi-billion-dollar exit from public fossil fuel finance,-0.573,Geopolitical event detected,True,
2026-03-11 23:43,market_scan,,Pharma,,False,,0.633,True,"Histatrol (ALK-Abello) Market Research Report 2026: Epidemiology, Pipeline Analysis, Trends, Strategies, & Forecasts, 2020-2025, 2025-2030F, 2035F | Albuminar-25 (Grifols) Market Research Report 2026: Epidemiology, Pipeline Analysis, Market Insights & Forecasts, 2020-2025, 2025-2030F, 2035F | Strategic Growth and Emerging Trends in the PET Sheets for Rigid Pharma Packaging Market Investments, Innovations, and Regional Shifts (2025-2035)",-0.573,Geopolitical event detected,True,
2026-03-11 23:43,market_scan,,Energy,,False,,-0.542,True,"Six voices on how to fight propaganda | U.K. Warns Oil Price Spike Could Stoke Inflation | Woodside, Pemex Start Drilling for Trion Development Project",-0.573,Geopolitical event detected,True,
2026-03-11 23:43,market_scan,,Mining,,False,,,False,,-0.573,Geopolitical event detected,True,
2026-03-11 23:43,market_scan,,Chemicals,,False,,0.042,True,The insect apocalypse will kill billions more people than climate change | The case for scrubbing the seas to save the climate | APT and financial attacks on industrial organizations in Q4 2025,-0.573,Geopolitical event detected,True,
2026-03-11 23:43,market_scan,,Materials,,False,,0.36,True,"Histatrol (ALK-Abello) Market Research Report 2026: Epidemiology, Pipeline Analysis, Trends, Strategies, & Forecasts, 2020-2025, 2025-2030F, 2035F | Repayments on deep retrofits can cost as much as a second mortgage | I haven't sat in a plusher gaming chair than this one – but this affordable GTPlayer model has one drawback",-0.573,Geopolitical event detected,True,
2026-03-11 23:43,market_scan,,Industrials,,False,,,False,,-0.573,Geopolitical event detected,True,
2026-03-11 23:43,market_scan,,Tech,,False,,0.256,True,"Elsevier, Wiley, BMJ Group, American Physical Society and Oxford University Press Join Kudos' Zero-Click and AI Search Study | Six voices on how to fight propaganda | Neko Health eyes US expansion armed with new chief medical officer",-0.573,Geopolitical event detected,True,
2026-03-11 23:43,market_scan,,ConsStaples,,False,,,False,,-0.573,Geopolitical event detected,True,
2026-03-11 23:43,market_scan,,Retail,,False,,0.554,True,"Histatrol (ALK-Abello) Market Research Report 2026: Epidemiology, Pipeline Analysis, Trends, Strategies, & Forecasts, 2020-2025, 2025-2030F, 2035F | Libmeldy (Kyowa Kirin) Market Research Report 2026: Epidemiology, Pipeline Analysis, Insights & Forecasts, 2020-2025, 2025-2030F, 2035F | Afluria (CSL Seqirus) Market Research Report 2026: Epidemiology, Pipeline Analysis, Market Insights & Forecasts, 2020-2025, 2025-2030F, 2035F",-0.573,Geopolitical event detected,True,
2026-03-11 23:43,market_scan,,ConsDis,,False,,0.338,True,"JD.com Announces Fourth Quarter and Full Year 2025 Results, and Annual Dividend | Construction Chemicals Market to Reach USD 79.6 Billion by 2033 as Construction Sector witnessing Significant Growth | Market Minds Advisory",-0.573,Geopolitical event detected,True,
2026-03-11 23:43,market_scan,,Telecoms,,False,,0.184,True,UK Government's Fraud Strategy Paints Crypto as 'Growing Risk' | SatGO educational kit: from satellite communications to STEM | Dubai's road to code: From AI pilots to enterprise deployment,-0.573,Geopolitical event detected,True,
2026-03-11 23:43,market_scan,,Media,,False,,-0.3,True,Six voices on how to fight propaganda | LVMH: Share transactions disclosure | Neko Health eyes US expansion armed with new chief medical officer,-0.573,Geopolitical event detected,True,
2026-03-11 23:43,market_scan,,Leisure,,False,,,False,,-0.573,Geopolitical event detected,True,
2026-03-11 23:43,market_scan,,RealEstate,,False,,,False,,-0.573,Geopolitical event detected,True,
2026-03-11 23:43,market_scan,,Utilities,,False,,-0.145,True,"Dubai's road to code: From AI pilots to enterprise deployment | When clouds get hit by drones: As data centres become target of strikes, there is one more critical infrastructure to protect",-0.573,Geopolitical event detected,True,
2026-03-11 23:43,market_scan,IGG,FinServices,0.222,True,"Genealogy News Bytes - Week of 4 to 10 March 2026 | [Latest] Global Cell Freezing Media Market Size/Share Worth USD 2.90 Billion by 2035 at a 8.9% CAGR: Custom Market Insights (Analysis, Outlook, Leaders, Report, Trends, Forecast, Segmentation, Growth Rate, Value, SWOT Analysis) | Scrub and murine typhus seroprevalence among blood donors in Laos | PDE4B deficiency aids macrophage differentiation and contributes to Cryptococcus neoformans brain infection | Gelatinase regulates the egress of intracellular replicating populations during Enterococcus faecalis infection",0.558,True,Neko Health eyes US expansion armed with new chief medical officer | Fraud Strategy launch | How a grassroots UK campaign sparked a multi-billion-dollar exit from public fossil fuel finance,-0.573,Geopolitical event detected,True,
2026-03-11 23:43,market_scan,FGEN,FinServices,0.0,True,Kyntra Bio to Report Fourth Quarter and Full Year 2025 Financial Results,0.558,True,Neko Health eyes US expansion armed with new chief medical officer | Fraud Strategy launch | How a grassroots UK campaign sparked a multi-billion-dollar exit from public fossil fuel finance,-0.573,Geopolitical event detected,True,
2026-03-11 23:43,market_scan,FCH,FinServices,0.0,True,"Funding Circle Full Year 2025 Results, Achieves FY 2026 Revenue Guidance a Year Early",0.558,True,Neko Health eyes US expansion armed with new chief medical officer | Fraud Strategy launch | How a grassroots UK campaign sparked a multi-billion-dollar exit from public fossil fuel finance,-0.573,Geopolitical event detected,True,
2026-03-11 23:43,market_scan,BAG,ConsStaples,0.526,True,"McDuffie, Watson answer Rams' prayers for secondary help | 18 Easy Shrimp Recipes for Busy Weeknights | Easter Crispy Rice Treat Nests | An Inside Look at The Hollywood Reporter's Oscars Issue 2026 | 21 Purrecious Pictures of Cats Who Heard the Treat Bag and Came Running",,False,,-0.573,Geopolitical event detected,True,
2026-03-11 23:43,market_scan,TRN,Industrials,0.62,True,"Foreign Facebook pages have been promoting One Nation. It wants them to stop | 花王「melt」、都会の真ん中で森林浴を楽しむ没入型体験スポット「森の香りの美術館」を2026年3月16日より期間限定オープン | Park Bo Gum, Joo Won, Lee Sun Bin, And More Begin Filming For New Historical Action Film | Securities Brokerage and Stock Exchange Services Business Report 2026: $3.3 Trn Market Trends, Opportunities, Competitive Analysis, and Long-term Forecasts, 2020-2025, 2025-2030F, 2035F | Social Assistance Business Report 2026: $2.39 Trn Market Trends, Opportunities, Competitive Analysis, and Long-term Forecasts, 2020-2025, 2025-2030F, 2035F",,False,,-0.573,Geopolitical event detected,True,
2026-03-12 00:02,market_scan,,Banking,,False,,-0.231,True,Fraud Strategy launch | Why stablecoins are becoming the preferred payment method in online casinos | Open banking presents £43bn opportunity for UK economy if warnings are heeded,-0.71,Geopolitical event detected,True,Energy prices ease amid hopes Trump will soon call halt to Iran war
2026-03-12 00:02,market_scan,,Insurance,,False,,-0.095,True,"Author Correction: Global, regional, and national burden of chronic respiratory diseases and impact of the COVID-19 pandemic, 1990–2023: a Global Burden of Disease study | How a grassroots UK campaign sparked a multi-billion-dollar exit from public fossil fuel finance | Global Leaders Race to Shield Their Economies From War Shocks",-0.71,Geopolitical event detected,True,Energy prices ease amid hopes Trump will soon call halt to Iran war
2026-03-12 00:02,market_scan,,FinServices,,False,,0.594,True,Universities have become property businesses. What does that mean for research? | Neko Health eyes US expansion armed with new chief medical officer | Fraud Strategy launch,-0.71,Geopolitical event detected,True,Energy prices ease amid hopes Trump will soon call halt to Iran war
2026-03-12 00:02,market_scan,,Pharma,,False,,0.197,True,"Author Correction: Global, regional, and national burden of chronic respiratory diseases and impact of the COVID-19 pandemic, 1990–2023: a Global Burden of Disease study | Histatrol (ALK-Abello) Market Research Report 2026: Epidemiology, Pipeline Analysis, Trends, Strategies, & Forecasts, 2020-2025, 2025-2030F, 2035F | Albuminar-25 (Grifols) Market Research Report 2026: Epidemiology, Pipeline Analysis, Market Insights & Forecasts, 2020-2025, 2025-2030F, 2035F",-0.71,Geopolitical event detected,True,Energy prices ease amid hopes Trump will soon call halt to Iran war
2026-03-12 00:02,market_scan,,Energy,,False,,-0.555,True,"Six voices on how to fight propaganda | U.K. Warns Oil Price Spike Could Stoke Inflation | Woodside, Pemex Start Drilling for Trion Development Project",-0.71,Geopolitical event detected,True,Energy prices ease amid hopes Trump will soon call halt to Iran war
2026-03-12 00:02,market_scan,,Mining,,False,,,False,,-0.71,Geopolitical event detected,True,Energy prices ease amid hopes Trump will soon call halt to Iran war
2026-03-12 00:02,market_scan,,Chemicals,,False,,-0.11,True,The insect apocalypse will kill billions more people than climate change | The case for scrubbing the seas to save the climate | APT and financial attacks on industrial organizations in Q4 2025,-0.71,Geopolitical event detected,True,Energy prices ease amid hopes Trump will soon call halt to Iran war
2026-03-12 00:02,market_scan,,Materials,,False,,0.304,True,"Histatrol (ALK-Abello) Market Research Report 2026: Epidemiology, Pipeline Analysis, Trends, Strategies, & Forecasts, 2020-2025, 2025-2030F, 2035F | Repayments on deep retrofits can cost as much as a second mortgage | I haven't sat in a plusher gaming chair than this one – but this affordable GTPlayer model has one drawback",-0.71,Geopolitical event detected,True,Energy prices ease amid hopes Trump will soon call halt to Iran war
2026-03-12 00:02,market_scan,,Industrials,,False,,,False,,-0.71,Geopolitical event detected,True,Energy prices ease amid hopes Trump will soon call halt to Iran war
2026-03-12 00:02,market_scan,,Tech,,False,,0.185,True,"Author Correction: Global, regional, and national burden of chronic respiratory diseases and impact of the COVID-19 pandemic, 1990–2023: a Global Burden of Disease study | Universities have become property businesses. What does that mean for research? | Elsevier, Wiley, BMJ Group, American Physical Society and Oxford University Press Join Kudos' Zero-Click and AI Search Study",-0.71,Geopolitical event detected,True,Energy prices ease amid hopes Trump will soon call halt to Iran war
2026-03-12 00:02,market_scan,,ConsStaples,,False,,,False,,-0.71,Geopolitical event detected,True,Energy prices ease amid hopes Trump will soon call halt to Iran war
2026-03-12 00:02,market_scan,,Retail,,False,,0.554,True,"Histatrol (ALK-Abello) Market Research Report 2026: Epidemiology, Pipeline Analysis, Trends, Strategies, & Forecasts, 2020-2025, 2025-2030F, 2035F | Libmeldy (Kyowa Kirin) Market Research Report 2026: Epidemiology, Pipeline Analysis, Insights & Forecasts, 2020-2025, 2025-2030F, 2035F | Afluria (CSL Seqirus) Market Research Report 2026: Epidemiology, Pipeline Analysis, Market Insights & Forecasts, 2020-2025, 2025-2030F, 2035F",-0.71,Geopolitical event detected,True,Energy prices ease amid hopes Trump will soon call halt to Iran war
2026-03-12 00:02,market_scan,,ConsDis,,False,,,False,,-0.71,Geopolitical event detected,True,Energy prices ease amid hopes Trump will soon call halt to Iran war
2026-03-12 00:02,market_scan,,Telecoms,,False,,,False,,-0.71,Geopolitical event detected,True,Energy prices ease amid hopes Trump will soon call halt to Iran war
2026-03-12 00:02,market_scan,,Media,,False,,,False,,-0.71,Geopolitical event detected,True,Energy prices ease amid hopes Trump will soon call halt to Iran war
2026-03-12 00:02,market_scan,,Leisure,,False,,,False,,-0.71,Geopolitical event detected,True,Energy prices ease amid hopes Trump will soon call halt to Iran war
2026-03-12 00:02,market_scan,,RealEstate,,False,,,False,,-0.71,Geopolitical event detected,True,Energy prices ease amid hopes Trump will soon call halt to Iran war
2026-03-12 00:02,market_scan,,Utilities,,False,,,False,,-0.71,Geopolitical event detected,True,Energy prices ease amid hopes Trump will soon call halt to Iran war
2026-03-12 00:02,market_scan,IGG,FinServices,,False,,0.594,True,Universities have become property businesses. What does that mean for research? | Neko Health eyes US expansion armed with new chief medical officer | Fraud Strategy launch,-0.71,Geopolitical event detected,True,Energy prices ease amid hopes Trump will soon call halt to Iran war
2026-03-12 00:02,market_scan,FGEN,FinServices,,False,,0.594,True,Universities have become property businesses. What does that mean for research? | Neko Health eyes US expansion armed with new chief medical officer | Fraud Strategy launch,-0.71,Geopolitical event detected,True,Energy prices ease amid hopes Trump will soon call halt to Iran war
2026-03-12 00:02,market_scan,FCH,FinServices,,False,,0.594,True,Universities have become property businesses. What does that mean for research? | Neko Health eyes US expansion armed with new chief medical officer | Fraud Strategy launch,-0.71,Geopolitical event detected,True,Energy prices ease amid hopes Trump will soon call halt to Iran war
2026-03-12 00:02,market_scan,BAG,ConsStaples,,False,,,False,,-0.71,Geopolitical event detected,True,Energy prices ease amid hopes Trump will soon call halt to Iran war
2026-03-12 00:02,market_scan,TRN,Industrials,,False,,,False,,-0.71,Geopolitical event detected,True,Energy prices ease amid hopes Trump will soon call halt to Iran war
2026-03-12 00:05,market_scan,,Banking,,False,,-0.231,True,Fraud Strategy launch | Why stablecoins are becoming the preferred payment method in online casinos | Open banking presents £43bn opportunity for UK economy if warnings are heeded,-0.71,Geopolitical event detected,True,Energy prices ease amid hopes Trump will soon call halt to Iran war
2026-03-12 00:05,market_scan,,Insurance,,False,,-0.095,True,"Author Correction: Global, regional, and national burden of chronic respiratory diseases and impact of the COVID-19 pandemic, 1990–2023: a Global Burden of Disease study | How a grassroots UK campaign sparked a multi-billion-dollar exit from public fossil fuel finance | Global Leaders Race to Shield Their Economies From War Shocks",-0.71,Geopolitical event detected,True,Energy prices ease amid hopes Trump will soon call halt to Iran war
2026-03-12 00:05,market_scan,,FinServices,,False,,0.594,True,Universities have become property businesses. What does that mean for research? | Neko Health eyes US expansion armed with new chief medical officer | Fraud Strategy launch,-0.71,Geopolitical event detected,True,Energy prices ease amid hopes Trump will soon call halt to Iran war
2026-03-12 00:05,market_scan,,Pharma,,False,,0.197,True,"Author Correction: Global, regional, and national burden of chronic respiratory diseases and impact of the COVID-19 pandemic, 1990–2023: a Global Burden of Disease study | Histatrol (ALK-Abello) Market Research Report 2026: Epidemiology, Pipeline Analysis, Trends, Strategies, & Forecasts, 2020-2025, 2025-2030F, 2035F | Albuminar-25 (Grifols) Market Research Report 2026: Epidemiology, Pipeline Analysis, Market Insights & Forecasts, 2020-2025, 2025-2030F, 2035F",-0.71,Geopolitical event detected,True,Energy prices ease amid hopes Trump will soon call halt to Iran war
2026-03-12 00:05,market_scan,,Energy,,False,,-0.555,True,"Six voices on how to fight propaganda | U.K. Warns Oil Price Spike Could Stoke Inflation | Woodside, Pemex Start Drilling for Trion Development Project",-0.71,Geopolitical event detected,True,Energy prices ease amid hopes Trump will soon call halt to Iran war
2026-03-12 00:05,market_scan,,Mining,,False,,,False,,-0.71,Geopolitical event detected,True,Energy prices ease amid hopes Trump will soon call halt to Iran war
2026-03-12 00:05,market_scan,,Chemicals,,False,,-0.11,True,The insect apocalypse will kill billions more people than climate change | The case for scrubbing the seas to save the climate | APT and financial attacks on industrial organizations in Q4 2025,-0.71,Geopolitical event detected,True,Energy prices ease amid hopes Trump will soon call halt to Iran war
2026-03-12 00:05,market_scan,,Materials,,False,,0.304,True,"Histatrol (ALK-Abello) Market Research Report 2026: Epidemiology, Pipeline Analysis, Trends, Strategies, & Forecasts, 2020-2025, 2025-2030F, 2035F | Repayments on deep retrofits can cost as much as a second mortgage | I haven’t sat in a plusher gaming chair than this one – but this affordable GTPlayer model has one drawback",-0.71,Geopolitical event detected,True,Energy prices ease amid hopes Trump will soon call halt to Iran war
2026-03-12 00:05,market_scan,,Industrials,,False,,,False,,-0.71,Geopolitical event detected,True,Energy prices ease amid hopes Trump will soon call halt to Iran war
2026-03-12 00:05,market_scan,,Tech,,False,,0.185,True,"Author Correction: Global, regional, and national burden of chronic respiratory diseases and impact of the COVID-19 pandemic, 1990–2023: a Global Burden of Disease study | Universities have become property businesses. What does that mean for research? | Elsevier, Wiley, BMJ Group, American Physical Society and Oxford University Press Join Kudos’ Zero-Click and AI Search Study",-0.71,Geopolitical event detected,True,Energy prices ease amid hopes Trump will soon call halt to Iran war
2026-03-12 00:05,market_scan,,ConsStaples,,False,,,False,,-0.71,Geopolitical event detected,True,Energy prices ease amid hopes Trump will soon call halt to Iran war
2026-03-12 00:05,market_scan,,Retail,,False,,0.554,True,"Histatrol (ALK-Abello) Market Research Report 2026: Epidemiology, Pipeline Analysis, Trends, Strategies, & Forecasts, 2020-2025, 2025-2030F, 2035F | Libmeldy (Kyowa Kirin) Market Research Report 2026: Epidemiology, Pipeline Analysis, Insights & Forecasts, 2020-2025, 2025-2030F, 2035F | Afluria (CSL Seqirus) Market Research Report 2026: Epidemiology, Pipeline Analysis, Market Insights & Forecasts, 2020-2025, 2025-2030F, 2035F",-0.71,Geopolitical event detected,True,Energy prices ease amid hopes Trump will soon call halt to Iran war
2026-03-12 00:05,market_scan,,ConsDis,,False,,,False,,-0.71,Geopolitical event detected,True,Energy prices ease amid hopes Trump will soon call halt to Iran war
2026-03-12 00:05,market_scan,,Telecoms,,False,,,False,,-0.71,Geopolitical event detected,True,Energy prices ease amid hopes Trump will soon call halt to Iran war
2026-03-12 00:05,market_scan,,Media,,False,,,False,,-0.71,Geopolitical event detected,True,Energy prices ease amid hopes Trump will soon call halt to Iran war
2026-03-12 00:05,market_scan,,Leisure,,False,,,False,,-0.71,Geopolitical event detected,True,Energy prices ease amid hopes Trump will soon call halt to Iran war
2026-03-12 00:05,market_scan,,RealEstate,,False,,,False,,-0.71,Geopolitical event detected,True,Energy prices ease amid hopes Trump will soon call halt to Iran war
2026-03-12 00:05,market_scan,,Utilities,,False,,,False,,-0.71,Geopolitical event detected,True,Energy prices ease amid hopes Trump will soon call halt to Iran war
2026-03-12 00:05,market_scan,IGG,FinServices,,False,,0.594,True,Universities have become property businesses. What does that mean for research? | Neko Health eyes US expansion armed with new chief medical officer | Fraud Strategy launch,-0.71,Geopolitical event detected,True,Energy prices ease amid hopes Trump will soon call halt to Iran war
2026-03-12 00:05,market_scan,FGEN,FinServices,,False,,0.594,True,Universities have become property businesses. What does that mean for research? | Neko Health eyes US expansion armed with new chief medical officer | Fraud Strategy launch,-0.71,Geopolitical event detected,True,Energy prices ease amid hopes Trump will soon call halt to Iran war
2026-03-12 00:05,market_scan,FCH,FinServices,,False,,0.594,True,Universities have become property businesses. What does that mean for research? | Neko Health eyes US expansion armed with new chief medical officer | Fraud Strategy launch,-0.71,Geopolitical event detected,True,Energy prices ease amid hopes Trump will soon call halt to Iran war
2026-03-12 00:05,market_scan,BAG,ConsStaples,,False,,,False,,-0.71,Geopolitical event detected,True,Energy prices ease amid hopes Trump will soon call halt to Iran war
2026-03-12 00:05,market_scan,TRN,Industrials,,False,,,False,,-0.71,Geopolitical event detected,True,Energy prices ease amid hopes Trump will soon call halt to Iran war
2026-03-13 00:40,market_scan,,Banking,,False,,-0.016,True,"Revolut obtains UK bank license, teases upcoming services | European shares retreat again as Middle East tensions rattle investors | [Latest] Global Enterprise Agile Planning Market Size/Share Worth USD 1557.9 Million by 2035 at a 13.5% CAGR: Custom Market Insights (Analysis, Outlook, Leaders, Report, Trends, Forecast, Segmentation, Growth Rate, Value, SWOT Analysis)",-0.71,Geopolitical event detected,True,Energy prices ease amid hopes Trump will soon call halt to Iran war
2026-03-13 00:40,market_scan,,Insurance,,False,,0.21,True,"Firms Predict An AI Productivity Boom Is Coming | Revolut obtains UK bank license, teases upcoming services | Revolut Wins Long-Awaited Full Banking License in the UK",-0.71,Geopolitical event detected,True,Energy prices ease amid hopes Trump will soon call halt to Iran war
2026-03-13 00:40,market_scan,,FinServices,,False,,0.769,True,"Revolut obtains UK bank license, teases upcoming services | Revolut Wins Long-Awaited Full Banking License in the UK | [Latest] Global Enterprise Agile Planning Market Size/Share Worth USD 1557.9 Million by 2035 at a 13.5% CAGR: Custom Market Insights (Analysis, Outlook, Leaders, Report, Trends, Forecast, Segmentation, Growth Rate, Value, SWOT Analysis)",-0.71,Geopolitical event detected,True,Energy prices ease amid hopes Trump will soon call halt to Iran war
2026-03-13 00:40,market_scan,,Pharma,,False,,0.277,True,"Nanotechnology Market Research Report 2026-2030: Strategic Initiatives by Industry Leaders and Emerging Nano-Sensor, Composite and Precision Tool Technologies Shape Future Growth | Author Correction: Global, regional, and national burden of chronic respiratory diseases and impact of the COVID-19 pandemic, 1990–2023: a Global Burden of Disease study | Histatrol (ALK-Abello) Market Research Report 2026: Epidemiology, Pipeline Analysis, Trends, Strategies, & Forecasts, 2020-2025, 2025-2030F, 2035F",-0.71,Geopolitical event detected,True,Energy prices ease amid hopes Trump will soon call halt to Iran war
2026-03-13 00:40,market_scan,,Energy,,False,,-0.649,True,Fuel retailers 'losing money' on diesel as prices spike | Six voices on how to fight propaganda | U.K. Warns Oil Price Spike Could Stoke Inflation,-0.71,Geopolitical event detected,True,Energy prices ease amid hopes Trump will soon call halt to Iran war
2026-03-13 00:40,market_scan,,Mining,,False,,,False,,-0.71,Geopolitical event detected,True,Energy prices ease amid hopes Trump will soon call halt to Iran war
2026-03-13 00:40,market_scan,,Chemicals,,False,,0.263,True,"Gujarati edge: Decoding the business instinct | Nanotechnology Market Research Report 2026-2030: Strategic Initiatives by Industry Leaders and Emerging Nano-Sensor, Composite and Precision Tool Technologies Shape Future Growth | The insect apocalypse will kill billions more people than climate change",-0.71,Geopolitical event detected,True,Energy prices ease amid hopes Trump will soon call halt to Iran war
2026-03-13 00:40,market_scan,,Materials,,False,,0.301,True,"Histatrol (ALK-Abello) Market Research Report 2026: Epidemiology, Pipeline Analysis, Trends, Strategies, & Forecasts, 2020-2025, 2025-2030F, 2035F | Repayments on deep retrofits can cost as much as a second mortgage | I haven’t sat in a plusher gaming chair than this one – but this affordable GTPlayer model has one drawback",-0.71,Geopolitical event detected,True,Energy prices ease amid hopes Trump will soon call halt to Iran war
2026-03-13 00:40,market_scan,,Industrials,,False,,,False,,-0.71,Geopolitical event detected,True,Energy prices ease amid hopes Trump will soon call halt to Iran war
2026-03-13 00:40,market_scan,,Tech,,False,,0.722,True,"Government breaks down barriers to help more women and girls enter the tech sector | Firms Predict An AI Productivity Boom Is Coming | Revolut obtains UK bank license, teases upcoming services",-0.71,Geopolitical event detected,True,Energy prices ease amid hopes Trump will soon call halt to Iran war
2026-03-13 00:40,market_scan,,ConsStaples,,False,,,False,,-0.71,Geopolitical event detected,True,Energy prices ease amid hopes Trump will soon call halt to Iran war
2026-03-13 00:40,market_scan,,Retail,,False,,0.735,True,"China Energy Drink Market to Reach USD 15.3 Billion by 2032, Amid Retail Expansion and Rising Functional Beverage Demand, Says Vyansa Intelligence | Europe Faces Jet Fuel Price Surge and Supply Shortages | [Latest] Global Enterprise Agile Planning Market Size/Share Worth USD 1557.9 Million by 2035 at a 13.5% CAGR: Custom Market Insights (Analysis, Outlook, Leaders, Report, Trends, Forecast, Segmentation, Growth Rate, Value, SWOT Analysis)",-0.71,Geopolitical event detected,True,Energy prices ease amid hopes Trump will soon call halt to Iran war
2026-03-13 00:40,market_scan,,ConsDis,,False,,0.771,True,Sell alert! Why this expert is calling time on Harvey Norman shares,-0.71,Geopolitical event detected,True,Energy prices ease amid hopes Trump will soon call halt to Iran war
2026-03-13 00:40,market_scan,,Telecoms,,False,,0.512,True,"[Latest] Global Enterprise Agile Planning Market Size/Share Worth USD 1557.9 Million by 2035 at a 13.5% CAGR: Custom Market Insights (Analysis, Outlook, Leaders, Report, Trends, Forecast, Segmentation, Growth Rate, Value, SWOT Analysis) | United Kingdom Colocation Data Center Portfolio Analysis Report 2026: Existing & Upcoming White-Floor Space, Current and Future IT Load Capacity, Wholesale and Retail Colocation Pricing 2025-2029 | Nanotechnology Market Research Report 2026-2030: Strategic Initiatives by Industry Leaders and Emerging Nano-Sensor, Composite and Precision Tool Technologies Shape Future Growth",-0.71,Geopolitical event detected,True,Energy prices ease amid hopes Trump will soon call halt to Iran war
2026-03-13 00:40,market_scan,,Media,,False,,0.374,True,"China Energy Drink Market to Reach USD 15.3 Billion by 2032, Amid Retail Expansion and Rising Functional Beverage Demand, Says Vyansa Intelligence | DOJ probes Binance again over Iran-linked crypto flows after $4.3B settlement and CZ pardon | How Poland is flexing its economic muscle in Western Europe",-0.71,Geopolitical event detected,True,Energy prices ease amid hopes Trump will soon call halt to Iran war
2026-03-13 00:40,market_scan,,Leisure,,False,,,False,,-0.71,Geopolitical event detected,True,Energy prices ease amid hopes Trump will soon call halt to Iran war
2026-03-13 00:40,market_scan,,RealEstate,,False,,0.816,True,Universities have become property businesses. What does that mean for research?,-0.71,Geopolitical event detected,True,Energy prices ease amid hopes Trump will soon call halt to Iran war
2026-03-13 00:40,market_scan,,Utilities,,False,,-0.128,True,"Dubai’s road to code: From AI pilots to enterprise deployment | When clouds get hit by drones: As data centres become target of strikes, there is one more critical infrastructure to protect",-0.71,Geopolitical event detected,True,Energy prices ease amid hopes Trump will soon call halt to Iran war
2026-03-13 00:40,market_scan,IGG,FinServices,0.118,True,"A structure-based mRNA vaccine for Nipah virus in healthy adults: a phase 1 trial | Design of miniprotein inhibitors targeting complement C9 to block membrane attack complex assembly | Isotonic and minimally invasive optical clearing media for live cell imaging ex vivo and in vivo | A dynamic Dif/lncRNA-CR42715/miR-965-3p feedback loop orchestrates toll pathway immunity response in Drosophila | Current global estimates, risk factors, and knowledge gaps for Hepatitis E virus (HEV): A scoping review",0.769,True,"Revolut obtains UK bank license, teases upcoming services | Revolut Wins Long-Awaited Full Banking License in the UK | [Latest] Global Enterprise Agile Planning Market Size/Share Worth USD 1557.9 Million by 2035 at a 13.5% CAGR: Custom Market Insights (Analysis, Outlook, Leaders, Report, Trends, Forecast, Segmentation, Growth Rate, Value, SWOT Analysis)",-0.71,Geopolitical event detected,True,Energy prices ease amid hopes Trump will soon call halt to Iran war
2026-03-13 00:40,market_scan,FGEN,FinServices,0.0,True,Kyntra Bio to Report Fourth Quarter and Full Year 2025 Financial Results,0.769,True,"Revolut obtains UK bank license, teases upcoming services | Revolut Wins Long-Awaited Full Banking License in the UK | [Latest] Global Enterprise Agile Planning Market Size/Share Worth USD 1557.9 Million by 2035 at a 13.5% CAGR: Custom Market Insights (Analysis, Outlook, Leaders, Report, Trends, Forecast, Segmentation, Growth Rate, Value, SWOT Analysis)",-0.71,Geopolitical event detected,True,Energy prices ease amid hopes Trump will soon call halt to Iran war
2026-03-13 00:40,market_scan,FCH,FinServices,,False,,0.769,True,"Revolut obtains UK bank license, teases upcoming services | Revolut Wins Long-Awaited Full Banking License in the UK | [Latest] Global Enterprise Agile Planning Market Size/Share Worth USD 1557.9 Million by 2035 at a 13.5% CAGR: Custom Market Insights (Analysis, Outlook, Leaders, Report, Trends, Forecast, Segmentation, Growth Rate, Value, SWOT Analysis)",-0.71,Geopolitical event detected,True,Energy prices ease amid hopes Trump will soon call halt to Iran war
2026-03-13 00:40,market_scan,BAG,ConsStaples,0.276,True,"49ers acquire DT Osa Odighizuwa for third-round draft pick | 49ers acquire DT Osa Odighizuwa for third-round draft pick | Who Is High Voltage on 'The Masked Singer' Season 14? Clues, Guesses, & Spoilers Revealed! | Drag Race Episode Ten: A Design Challenge Love-Fest | GHIRARDELLI Easter Milk Chocolate Candy Bunnies with Sea Salt Caramel Filling, 4.1 oz Bag~$4.47 After Walmart Cash @ Walmart~Free Pickup Or Delivery With Walmart+ $4.97 (4 replies)",,False,,-0.71,Geopolitical event detected,True,Energy prices ease amid hopes Trump will soon call halt to Iran war
2026-03-13 00:40,market_scan,TRN,Industrials,0.478,True,"人気スイーツ「なまくり」から “桜パンチ” と “いちごみるく” が新発売！ | CAYL x New Balance TRN “Slate Grey” | Foreign Facebook pages have been promoting One Nation. It wants them to stop | 花王「melt」、都会の真ん中で森林浴を楽しむ没入型体験スポット「森の香りの美術館」を2026年3月16日より期間限定オープン | Park Bo Gum, Joo Won, Lee Sun Bin, And More Begin Filming For New Historical Action Film",,False,,-0.71,Geopolitical event detected,True,Energy prices ease amid hopes Trump will soon call halt to Iran war
2026-03-13 00:41,company_search,IGG,FinServices,0.118,True,"A structure-based mRNA vaccine for Nipah virus in healthy adults: a phase 1 trial | Design of miniprotein inhibitors targeting complement C9 to block membrane attack complex assembly | Isotonic and minimally invasive optical clearing media for live cell imaging ex vivo and in vivo | A dynamic Dif/lncRNA-CR42715/miR-965-3p feedback loop orchestrates toll pathway immunity response in Drosophila | Current global estimates, risk factors, and knowledge gaps for Hepatitis E virus (HEV): A scoping review",0.769,True,"Revolut obtains UK bank license, teases upcoming services | Revolut Wins Long-Awaited Full Banking License in the UK | [Latest] Global Enterprise Agile Planning Market Size/Share Worth USD 1557.9 Million by 2035 at a 13.5% CAGR: Custom Market Insights (Analysis, Outlook, Leaders, Report, Trends, Forecast, Segmentation, Growth Rate, Value, SWOT Analysis)",-0.71,Geopolitical event detected,True,Energy prices ease amid hopes Trump will soon call halt to Iran war
2026-03-13 00:41,company_search,FGEN,FinServices,0.0,True,Kyntra Bio to Report Fourth Quarter and Full Year 2025 Financial Results,0.769,True,"Revolut obtains UK bank license, teases upcoming services | Revolut Wins Long-Awaited Full Banking License in the UK | [Latest] Global Enterprise Agile Planning Market Size/Share Worth USD 1557.9 Million by 2035 at a 13.5% CAGR: Custom Market Insights (Analysis, Outlook, Leaders, Report, Trends, Forecast, Segmentation, Growth Rate, Value, SWOT Analysis)",-0.71,Geopolitical event detected,True,Energy prices ease amid hopes Trump will soon call halt to Iran war
2026-03-13 00:42,company_search,GAG,Banking,-0.282,True,"Drag Race Episode Ten: A Design Challenge Love-Fest | Overhyped A.I. “Actress” Tilly Norwood Has Made Her Debut With a Music Video (For Some Reason) | Hulu Orders Comedy Pilot ‘Lex,’ About a Reality Star Who Accidentally Films a Murder, From ‘Severance’ Producer Sean Clements | Sen. Foghorn Leghorn Beclowns Himself Attacking CATO Scholar | The Full Trailer for ‘Obsession’ Might Just Ruin Your Day",-0.016,True,"Revolut obtains UK bank license, teases upcoming services | European shares retreat again as Middle East tensions rattle investors | [Latest] Global Enterprise Agile Planning Market Size/Share Worth USD 1557.9 Million by 2035 at a 13.5% CAGR: Custom Market Insights (Analysis, Outlook, Leaders, Report, Trends, Forecast, Segmentation, Growth Rate, Value, SWOT Analysis)",-0.71,Geopolitical event detected,True,Energy prices ease amid hopes Trump will soon call halt to Iran war
2026-03-13 17:21,market_scan,,Banking,,False,,0.033,True,"Bowman, Capital Rules for the Real Economy | Opinion: Our banks are still being weaponized. It should be stopped | Revolut obtains UK bank license, teases upcoming services",-0.71,Geopolitical event detected,True,Energy prices ease amid hopes Trump will soon call halt to Iran war
2026-03-13 17:21,market_scan,,Insurance,,False,,0.175,True,"What’s up with… Hans Vestberg, open AI infra, Nebius & Nvidia | Bowman, Capital Rules for the Real Economy | Healthcare SaaS Market Size to Hit USD 167.34 Billion by 2035 Owing to the Increasing Digital Healthcare Transformation Globally | SNS Insider",-0.71,Geopolitical event detected,True,Energy prices ease amid hopes Trump will soon call halt to Iran war
2026-03-13 17:21,market_scan,,FinServices,,False,,0.457,True,"Production Music Platform Slipstream Buys Megatrax & More Music Deals | Show HN: LegalTech – A curated list of tools and software | What’s up with… Hans Vestberg, open AI infra, Nebius & Nvidia",-0.71,Geopolitical event detected,True,Energy prices ease amid hopes Trump will soon call halt to Iran war
2026-03-13 17:21,market_scan,,Pharma,,False,,0.4,True,"Animal Health Partnering Terms and Agreements Report 2026 with Directory of 280 Deals Signed Since 2017 by Company A-Z, Technology Type, Therapy Area, and Development Stage | Nanotechnology Market Research Report 2026-2030: Strategic Initiatives by Industry Leaders and Emerging Nano-Sensor, Composite and Precision Tool Technologies Shape Future Growth | Author Correction: Global, regional, and national burden of chronic respiratory diseases and impact of the COVID-19 pandemic, 1990–2023: a Global Burden of Disease study",-0.71,Geopolitical event detected,True,Energy prices ease amid hopes Trump will soon call halt to Iran war
2026-03-13 17:21,market_scan,,Energy,,False,,-0.399,True,"Real Estate Funds Face ‘Terminal Risk’ as Energy Costs Soar | Hydrogen Transition Outlook and Trends Report 2026: An Uptick in Project Activity Took Place Across Q4 2025, with 24 Projects Being Announced, in Comparison to 19 Projects in the Previous Quarter. | Fuel retailers 'losing money' on diesel as prices spike",-0.71,Geopolitical event detected,True,Energy prices ease amid hopes Trump will soon call halt to Iran war
2026-03-13 17:21,market_scan,,Mining,,False,,,False,,-0.71,Geopolitical event detected,True,Energy prices ease amid hopes Trump will soon call halt to Iran war
2026-03-13 17:21,market_scan,,Chemicals,,False,,0.263,True,"Gujarati edge: Decoding the business instinct | Nanotechnology Market Research Report 2026-2030: Strategic Initiatives by Industry Leaders and Emerging Nano-Sensor, Composite and Precision Tool Technologies Shape Future Growth | The insect apocalypse will kill billions more people than climate change",-0.71,Geopolitical event detected,True,Energy prices ease amid hopes Trump will soon call halt to Iran war
2026-03-13 17:21,market_scan,,Materials,,False,,0.19,True,"Skeptical Science New Research for Week #11 2026 | Histatrol (ALK-Abello) Market Research Report 2026: Epidemiology, Pipeline Analysis, Trends, Strategies, & Forecasts, 2020-2025, 2025-2030F, 2035F | Repayments on deep retrofits can cost as much as a second mortgage",-0.71,Geopolitical event detected,True,Energy prices ease amid hopes Trump will soon call halt to Iran war
2026-03-13 17:21,market_scan,,Industrials,,False,,,False,,-0.71,Geopolitical event detected,True,Energy prices ease amid hopes Trump will soon call halt to Iran war
2026-03-13 17:21,market_scan,,Tech,,False,,0.479,True,Production Music Platform Slipstream Buys Megatrax & More Music Deals | Filtronic: Pioneering Smarter Semiconductor Packaging for UK Defence | Tauranga Business Awards 2026: Defence tech innovator SYOS Aerospace takes top gong,-0.71,Geopolitical event detected,True,Energy prices ease amid hopes Trump will soon call halt to Iran war
2026-03-13 17:21,market_scan,,ConsStaples,,False,,,False,,-0.71,Geopolitical event detected,True,Energy prices ease amid hopes Trump will soon call halt to Iran war
2026-03-13 17:21,market_scan,,Retail,,False,,0.792,True,"NEW TOUGHBOOK 56 REIMAGINES RUGGED MOBILITY & USABILITY FOR FIELD WORKERS | Bowman, Capital Rules for the Real Economy | India Skin Care Market to Reach USD 5.1 Billion by 2032, Driven by Rising Grooming Awareness and Consumer Beauty Culture | Reports Vyansa Intelligence",-0.71,Geopolitical event detected,True,Energy prices ease amid hopes Trump will soon call halt to Iran war
2026-03-13 17:21,market_scan,,ConsDis,,False,,0.771,True,Sell alert! Why this expert is calling time on Harvey Norman shares,-0.71,Geopolitical event detected,True,Energy prices ease amid hopes Trump will soon call halt to Iran war
2026-03-13 17:21,market_scan,,Telecoms,,False,,0.445,True,"What’s up with… Hans Vestberg, open AI infra, Nebius & Nvidia | [Latest] Global Enterprise Agile Planning Market Size/Share Worth USD 1557.9 Million by 2035 at a 13.5% CAGR: Custom Market Insights (Analysis, Outlook, Leaders, Report, Trends, Forecast, Segmentation, Growth Rate, Value, SWOT Analysis) | United Kingdom Colocation Data Center Portfolio Analysis Report 2026: Existing & Upcoming White-Floor Space, Current and Future IT Load Capacity, Wholesale and Retail Colocation Pricing 2025-2029",-0.71,Geopolitical event detected,True,Energy prices ease amid hopes Trump will soon call halt to Iran war
2026-03-13 17:21,market_scan,,Media,,False,,0.544,True,Production Music Platform Slipstream Buys Megatrax & More Music Deals | Tauranga Business Awards 2026: Defence tech innovator SYOS Aerospace takes top gong | Show HN: LegalTech – A curated list of tools and software,-0.71,Geopolitical event detected,True,Energy prices ease amid hopes Trump will soon call halt to Iran war
2026-03-13 17:21,market_scan,,Leisure,,False,,,False,,-0.71,Geopolitical event detected,True,Energy prices ease amid hopes Trump will soon call halt to Iran war
2026-03-13 17:21,market_scan,,RealEstate,,False,,0.633,True,Show HN: LegalTech – A curated list of tools and software | Real Estate Funds Face ‘Terminal Risk’ as Energy Costs Soar | Universities have become property businesses. What does that mean for research?,-0.71,Geopolitical event detected,True,Energy prices ease amid hopes Trump will soon call halt to Iran war
2026-03-13 17:21,market_scan,,Utilities,,False,,-0.128,True,"Dubai’s road to code: From AI pilots to enterprise deployment | When clouds get hit by drones: As data centres become target of strikes, there is one more critical infrastructure to protect",-0.71,Geopolitical event detected,True,Energy prices ease amid hopes Trump will soon call halt to Iran war
2026-03-13 17:21,market_scan,IGG,FinServices,0.12,True,"Thalamic reticular neurons provide cell type-specific modulation of sound processing in the auditory thalamus | Development and validation of a synthetic peptide-based field deployable latex slide agglutination test for detection of Tilapia tilapinevirus | A systematic review of dengue controlled human infection studies: safety, viral kinetics and immunology | Determinants of natural killer cell-mediated antibody dependent cellular cytotoxicity in SARS-CoV-2 antibodies | Cadrenal Therapeutics Highlights Research Supporting 12-LOX Inhibition in Reducing Inflammation in Obesity and Type 2 Diabetes",0.457,True,"Production Music Platform Slipstream Buys Megatrax & More Music Deals | Show HN: LegalTech – A curated list of tools and software | What’s up with… Hans Vestberg, open AI infra, Nebius & Nvidia",-0.71,Geopolitical event detected,True,Energy prices ease amid hopes Trump will soon call halt to Iran war
2026-03-13 17:21,market_scan,FGEN,FinServices,0.0,True,Kyntra Bio to Report Fourth Quarter and Full Year 2025 Financial Results,0.457,True,"Production Music Platform Slipstream Buys Megatrax & More Music Deals | Show HN: LegalTech – A curated list of tools and software | What’s up with… Hans Vestberg, open AI infra, Nebius & Nvidia",-0.71,Geopolitical event detected,True,Energy prices ease amid hopes Trump will soon call halt to Iran war
2026-03-13 17:21,market_scan,FCH,FinServices,,False,,0.457,True,"Production Music Platform Slipstream Buys Megatrax & More Music Deals | Show HN: LegalTech – A curated list of tools and software | What’s up with… Hans Vestberg, open AI infra, Nebius & Nvidia",-0.71,Geopolitical event detected,True,Energy prices ease amid hopes Trump will soon call halt to Iran war
2026-03-13 17:21,market_scan,BAG,ConsStaples,0.53,True,"Breather for hoteliers? LPG supply may resume soon in Bengaluru | Walmart Has Apple AirTag Singles for Just $13.91 Each | Commercial LPG supply to stabilise in 7-10 days: Min | Rajasthan Royals tweak pre-season schedule, full squad camp to begin on March 17 | The Cookie Everyone in South Korea Is Chasing! Fans Queue for the ‘Dubai Chewy Cookie’",,False,,-0.71,Geopolitical event detected,True,Energy prices ease amid hopes Trump will soon call halt to Iran war
2026-03-13 17:21,market_scan,TRN,Industrials,0.297,True,Thalamic reticular neurons provide cell type-specific modulation of sound processing in the auditory thalamus | 人気スイーツ「なまくり」から “桜パンチ” と “いちごみるく” が新発売！ | CAYL x New Balance TRN “Slate Grey” | Foreign Facebook pages have been promoting One Nation. It wants them to stop | 花王「melt」、都会の真ん中で森林浴を楽しむ没入型体験スポット「森の香りの美術館」を2026年3月16日より期間限定オープン,,False,,-0.71,Geopolitical event detected,True,Energy prices ease amid hopes Trump will soon call halt to Iran war
2026-03-14 23:34,market_scan,,Banking,,False,,0.237,True,Crypto Biz: Circle stock defies Wall Street and digital asset selloff | Simon Harris signals interest in Swedish-style savings scheme | Bank Of England Open To Review Stablecoin Ownership Cap Proposal Following Backlash,-0.71,Geopolitical event detected,True,Energy prices ease amid hopes Trump will soon call halt to Iran war
2026-03-14 23:34,market_scan,,Insurance,,False,,0.365,True,"Crypto Biz: Circle stock defies Wall Street and digital asset selloff | $14.33 Bn Alternative Dispute Services Markets - Global Forecast Report 2026-2032 | India with its strong push toward urbanisation, green energy plays to our strengths, says La Caisse CEO Emond",-0.71,Geopolitical event detected,True,Energy prices ease amid hopes Trump will soon call halt to Iran war
2026-03-14 23:34,market_scan,,FinServices,,False,,0.482,True,Crypto Biz: Circle stock defies Wall Street and digital asset selloff | Spotlight on Sanctions | Interpol obliterates cyber criminal infrastructure,-0.71,Geopolitical event detected,True,Energy prices ease amid hopes Trump will soon call halt to Iran war
2026-03-14 23:34,market_scan,,Pharma,,False,,0.712,True,"Viltepso (Nippon Shinyaku) Market Research Report 2026: Epidemiology, Pipeline Analysis, Trends, Strategies, and Forecasts, 2020-2025, 2025-2030F, 2035F | Myxredlin (Baxter International) Market Research Report 2026: Epidemiology, Pipeline Analysis, Trends, Strategies, and Forecasts, 2020-2025, 2025-2030F, 2035F | AI in Life Sciences Market, 2026-2040 Industry Trends and Global Forecasts - IBM, IQVIA and Oracle Lead Data Platforms While Roche, Pfizer and AI Startups Accelerate Drug Discovery Innovation",-0.71,Geopolitical event detected,True,Energy prices ease amid hopes Trump will soon call halt to Iran war
2026-03-14 23:34,market_scan,,Energy,,False,,0.233,True,Spotlight on Sanctions | US eases oil sanctions at an ideal time for Russia | Why US easing of oil sanctions comes at perfect time for Russia,-0.71,Geopolitical event detected,True,Energy prices ease amid hopes Trump will soon call halt to Iran war
2026-03-14 23:34,market_scan,,Mining,,False,,,False,,-0.71,Geopolitical event detected,True,Energy prices ease amid hopes Trump will soon call halt to Iran war
2026-03-14 23:34,market_scan,,Chemicals,,False,,0.013,True,Breath Analyzers Market worth $5.63 billion by 2031 | MarketsandMarkets™ | Oil touches $100 a barrel as shares slide after attacks on Gulf shipping | Gujarati edge: Decoding the business instinct,-0.71,Geopolitical event detected,True,Energy prices ease amid hopes Trump will soon call halt to Iran war
2026-03-14 23:34,market_scan,,Materials,,False,,0.268,True,"Major Partnerships and Investment Collaborations emerged from the Sustainable Markets Initiative's annual CEO Summit at Hampton Court Palace, as Global Business Leaders accelerated action on the Sustainable Transition | Statement between Prime Minister Keir Starmer and Taoiseach Micheál Martin in Cork: 13 March 2026 | Overhaul of nuclear system to speed up building and cut costs",-0.71,Geopolitical event detected,True,Energy prices ease amid hopes Trump will soon call halt to Iran war
2026-03-14 23:34,market_scan,,Industrials,,False,,,False,,-0.71,Geopolitical event detected,True,Energy prices ease amid hopes Trump will soon call halt to Iran war
2026-03-14 23:34,market_scan,,Tech,,False,,0.494,True,"Crypto Biz: Circle stock defies Wall Street and digital asset selloff | Spotlight on Sanctions | Major Partnerships and Investment Collaborations emerged from the Sustainable Markets Initiative's annual CEO Summit at Hampton Court Palace, as Global Business Leaders accelerated action on the Sustainable Transition",-0.71,Geopolitical event detected,True,Energy prices ease amid hopes Trump will soon call halt to Iran war
2026-03-14 23:34,market_scan,,ConsStaples,,False,,,False,,-0.71,Geopolitical event detected,True,Energy prices ease amid hopes Trump will soon call halt to Iran war
2026-03-14 23:34,market_scan,,Retail,,False,,0.968,True,"Viltepso (Nippon Shinyaku) Market Research Report 2026: Epidemiology, Pipeline Analysis, Trends, Strategies, and Forecasts, 2020-2025, 2025-2030F, 2035F | Vaxchora (Bavarian Nordic) Market Research Report 2026: Epidemiology, Pipeline Analysis, Trends, Strategies, and Forecasts, 2020-2025, 2025-2030F, 2035F | Myxredlin (Baxter International) Market Research Report 2026: Epidemiology, Pipeline Analysis, Trends, Strategies, and Forecasts, 2020-2025, 2025-2030F, 2035F",-0.71,Geopolitical event detected,True,Energy prices ease amid hopes Trump will soon call halt to Iran war
2026-03-14 23:34,market_scan,,ConsDis,,False,,0.771,True,Sell alert! Why this expert is calling time on Harvey Norman shares,-0.71,Geopolitical event detected,True,Energy prices ease amid hopes Trump will soon call halt to Iran war
2026-03-14 23:34,market_scan,,Telecoms,,False,,0.545,True,"Statement between Prime Minister Keir Starmer and Taoiseach Micheál Martin in Cork: 13 March 2026 | What’s up with… Hans Vestberg, open AI infra, Nebius & Nvidia | [Latest] Global Enterprise Agile Planning Market Size/Share Worth USD 1557.9 Million by 2035 at a 13.5% CAGR: Custom Market Insights (Analysis, Outlook, Leaders, Report, Trends, Forecast, Segmentation, Growth Rate, Value, SWOT Analysis)",-0.71,Geopolitical event detected,True,Energy prices ease amid hopes Trump will soon call halt to Iran war
2026-03-14 23:34,market_scan,,Media,,False,,0.382,True,Spotlight on Sanctions | US eases oil sanctions at an ideal time for Russia | Why US easing of oil sanctions comes at perfect time for Russia,-0.71,Geopolitical event detected,True,Energy prices ease amid hopes Trump will soon call halt to Iran war
2026-03-14 23:34,market_scan,,Leisure,,False,,,False,,-0.71,Geopolitical event detected,True,Energy prices ease amid hopes Trump will soon call halt to Iran war
2026-03-14 23:34,market_scan,,RealEstate,,False,,0.632,True,Show HN: LegalTech – A curated list of tools and software | Real Estate Funds Face ‘Terminal Risk’ as Energy Costs Soar | Universities have become property businesses. What does that mean for research?,-0.71,Geopolitical event detected,True,Energy prices ease amid hopes Trump will soon call halt to Iran war
2026-03-14 23:34,market_scan,,Utilities,,False,,-0.114,True,"Dubai’s road to code: From AI pilots to enterprise deployment | When clouds get hit by drones: As data centres become target of strikes, there is one more critical infrastructure to protect",-0.71,Geopolitical event detected,True,Energy prices ease amid hopes Trump will soon call halt to Iran war
2026-03-14 23:34,market_scan,IGG,FinServices,0.098,True,"Development of a monoclonal antibody-based competitive ELISA as a surrogate assay for detecting neutralizing anti-interferon gamma autoantibodies in adult-onset immunodeficiency | Gut microbiota-associated metabolite N-acetyl-D-glucosamine alleviates systemic inflammatory responses induced by acute Toxoplasma gondii infection | COG5 deficiency disrupts cellular copper homeostasis and underlies the impaired mitochondrial OXPHOS function | Acod1/itaconate axis controls anxiety-like behaviors induced by chronic infection of Toxoplasma gondii in mice | Comparative analysis of stress markers, metabolic health, and gut microbiota in healthy and disabled dogs in long-term shelters in Thailand",0.482,True,Crypto Biz: Circle stock defies Wall Street and digital asset selloff | Spotlight on Sanctions | Interpol obliterates cyber criminal infrastructure,-0.71,Geopolitical event detected,True,Energy prices ease amid hopes Trump will soon call halt to Iran war
2026-03-14 23:34,market_scan,FGEN,FinServices,0.0,True,Kyntra Bio to Report Fourth Quarter and Full Year 2025 Financial Results,0.482,True,Crypto Biz: Circle stock defies Wall Street and digital asset selloff | Spotlight on Sanctions | Interpol obliterates cyber criminal infrastructure,-0.71,Geopolitical event detected,True,Energy prices ease amid hopes Trump will soon call halt to Iran war
2026-03-14 23:34,market_scan,FCH,FinServices,,False,,0.482,True,Crypto Biz: Circle stock defies Wall Street and digital asset selloff | Spotlight on Sanctions | Interpol obliterates cyber criminal infrastructure,-0.71,Geopolitical event detected,True,Energy prices ease amid hopes Trump will soon call halt to Iran war
2026-03-14 23:34,market_scan,BAG,ConsStaples,0.48,True,"Travelon Anti-Theft Classic Slim Double Zip Crossbody Bag (Purple) $18.66 + Free Shipping w/ Prime or on $35+ | Ozempic users are shelling out for something totally unexpected—and the logic behind it is baffling | The Mary Sue | Nature′s Recipe Lamb, Barley & Brown Rice Dry Dog Food, 34 lb. Bag $24.77 with s/s | Zoe Tay reveals the emotional stories behind her most treasured Louis Vuitton bags | Roundtable: 2026 Oscar Picks and Predictions",,False,,-0.71,Geopolitical event detected,True,Energy prices ease amid hopes Trump will soon call halt to Iran war
2026-03-14 23:34,market_scan,TRN,Industrials,0.069,True,Thalamic reticular neurons provide cell type-specific modulation of sound processing in the auditory thalamus | 人気スイーツ「なまくり」から “桜パンチ” と “いちごみるく” が新発売！ | CAYL x New Balance TRN “Slate Grey” | Foreign Facebook pages have been promoting One Nation. It wants them to stop | 花王「melt」、都会の真ん中で森林浴を楽しむ没入型体験スポット「森の香りの美術館」を2026年3月16日より期間限定オープン,,False,,-0.71,Geopolitical event detected,True,Energy prices ease amid hopes Trump will soon call halt to Iran war
