run_date,ticker,sector,score,price_p,target_p,stop_p,upside_pct,downside_pct,prob,reward_risk,atr,allocated_gbp,allocation_pct,shares,signals,outcome_price_p,outcome_hit,outcome_return_pct,outcome_notes,went_up,profitable
2025-03-03 00:00,BATS,ConsStaples,85,3101.959228515625,3160.65,3043.27,1.89,1.89,62.8,1.0,58.6913,,20.0,,RSI 51 | BB %B 0.42 | EMA20>EMA50>SMA200 | Stoch 35/31 | OBV rising | Mom +3.0%,3151.93,NO,1.35,Backtest: Held to Monday close. +1.3%,1,1
2025-03-03 00:00,GSK,Pharma,85,1478.913818359375,1508.42,1449.41,2.0,1.99,62.8,1.0,29.5047,,20.0,,RSI 61 | MACD bullish crossover | EMA20>EMA50 | Stoch 78/68 | OBV rising | Mom +1.9%,1515.4,YES,2.85,Backtest: Held to Monday close. +2.8%,1,1
2025-03-03 00:00,IHG,Leisure,85,132.1899871826172,135.12,129.26,2.22,2.22,62.8,1.0,2.9337,,20.0,,RSI 41 | BB %B 0.28 | EMA20>EMA50>SMA200 | Stoch 28/27 | OBV rising | Mom +2.4%,128.54,NO,-1.87,Backtest: Stop triggered. -1.9%,0,0
2025-03-03 00:00,AVON,Industrials,85,1481.8524169921875,1534.15,1429.55,3.53,3.53,62.8,1.0,52.2977,,20.0,,RSI 56 | MACD bullish crossover | EMA20>EMA50>SMA200 | Stoch 53/37 | Mom +2.2%,1399.86,NO,-6.29,Backtest: Held to Monday close. -6.3%,0,0
2025-03-03 00:00,PAG,FinServices,85,757.1376953125,778.49,735.79,2.82,2.82,62.8,1.0,21.3514,,20.0,,RSI 46 | BB %B 0.25 | EMA20>EMA50>SMA200 | Stoch 32/30 | OBV rising | Mom +0.9%,727.65,NO,-1.69,Backtest: Stop triggered. -1.7%,0,0
2025-03-10 00:00,SSE,Energy,80,1477.525634765625,1508.67,1446.39,2.11,2.11,61.7,1.0,31.1401,,23.3,,RSI 41 | MACD bullish crossover | BB %B 0.28 | Stoch 36/28 | OBV rising,1525.01,YES,3.18,Backtest: Held to Monday close. +3.2%,1,1
2025-03-10 00:00,BATS,ConsStaples,75,3151.92626953125,3214.19,3089.66,1.98,1.98,60.7,1.0,62.2684,,21.3,,RSI 56 | MACD rising | EMA20>EMA50>SMA200 | OBV rising | Mom +1.6%,3162.92,NO,0.44,Backtest: Held to Monday close. +0.4%,1,1
2025-03-10 00:00,IPF,FinServices,75,134.89353942871094,139.67,130.12,3.54,3.54,60.7,1.0,4.7715,,21.3,,RSI 65 | MACD rising | EMA20>EMA50 | Stoch 78/72 | OBV rising | Mom +2.7%,152.88,YES,13.33,Backtest: Held to Monday close. +13.3%,1,1
2025-03-10 00:00,ITRK,Industrials,65,5168.26123046875,5287.32,5049.2,2.3,2.3,58.6,1.0,119.0576,,17.1,,RSI 50 | BB %B 0.24 | EMA20>EMA50>SMA200 | OBV rising,4958.33,NO,-3.78,Backtest: Stop triggered. -3.8%,0,0
2025-03-10 00:00,MNDI,Materials,65,1252.8345947265625,1288.41,1217.26,2.84,2.84,58.6,1.0,35.5737,,17.1,,RSI 51 | BB %B 0.46 | EMA20>EMA50 | OBV rising | Mom +1.5%,1248.84,NO,-0.28,Backtest: Held to Monday close. -0.3%,0,0
2025-03-17 00:00,BRSC,FinServices,90,1265.572509765625,1285.59,1245.55,1.58,1.58,63.8,1.0,20.0181,,20.3,,RSI 43 | MACD bullish crossover | BB %B 0.40 | Stoch 51/35 | OBV rising | Mom +1.6%,1259.57,NO,-0.94,Backtest: Held to Monday close. -0.9%,0,0
2025-03-17 00:00,GRI,RealEstate,90,204.91587829589844,210.09,199.74,2.52,2.53,63.8,1.0,5.1785,,20.3,,RSI 47 | MACD bullish crossover | BB %B 0.45 | Stoch 52/31 | OBV rising | Mom +0.7%,202.92,NO,-3.1,Backtest: Held to Monday close. -3.1%,0,0
2025-03-17 00:00,KNOS,Tech,90,703.7872924804688,736.1,671.48,4.59,4.59,63.8,1.0,32.3111,,20.3,,RSI 44 | MACD bullish crossover | BB %B 0.37 | Stoch 34/31 | OBV rising | Mom +1.0%,719.78,NO,-1.37,Backtest: Held to Monday close. -1.4%,0,0
2025-03-17 00:00,OXIG,Industrials,90,1903.784912109375,1992.61,1814.96,4.67,4.67,63.8,1.0,88.8282,,20.3,,RSI 46 | MACD bullish crossover | BB %B 0.44 | Stoch 60/46 | OBV rising | Mom +3.6%,1887.79,NO,-4.65,Backtest: Held to Monday close. -4.6%,0,0
2025-03-17 00:00,BARC,Banking,85,294.79180908203125,305.04,284.54,3.48,3.48,62.8,1.0,10.2526,,18.8,,RSI 49 | BB %B 0.36 | EMA20>EMA50>SMA200 | Stoch 45/40 | OBV rising | Mom +3.6%,307.94,YES,3.76,Backtest: Held to Monday close. +3.8%,1,1
2025-03-24 00:00,LWDB,FinServices,105,899.7809448242188,913.53,886.03,1.53,1.53,67.0,1.0,13.7501,,24.2,,RSI 49 | MACD bullish crossover | BB %B 0.49 | EMA20>EMA50>SMA200 | Stoch 59/49 | OBV rising | Mom -0.3%,878.79,NO,-2.12,Backtest: Stop triggered. -2.1%,0,0
2025-03-24 00:00,NWG,Banking,95,462.61639404296875,477.44,447.8,3.2,3.2,64.9,1.0,14.8187,,21.2,,RSI 56 | MACD bullish crossover | EMA20>EMA50>SMA200 | Stoch 67/64 | OBV rising | Mom +3.1%,458.72,NO,-0.65,Backtest: Held to Monday close. -0.6%,0,0
2025-03-24 00:00,RTO,Industrials,90,347.1133728027344,357.13,337.1,2.89,2.88,63.8,1.0,10.0144,,19.7,,RSI 41 | MACD bullish crossover | BB %B 0.41 | Stoch 40/36 | OBV rising | Mom +3.3%,356.11,NO,2.83,Backtest: Held to Monday close. +2.8%,1,1
2025-03-24 00:00,ITH,Energy,85,136.8094024658203,143.49,130.13,4.88,4.88,62.8,1.0,6.6798,,18.2,,RSI 55 | MACD rising | EMA20>EMA50>SMA200 | Stoch 73/70 | OBV rising | Mom +1.3%,161.38,YES,22.42,Backtest: Held to Monday close. +22.4%,1,1
2025-03-24 00:00,HWDN,Materials,80,741.7767333984375,759.77,723.78,2.43,2.43,61.7,1.0,17.9954,,16.7,,RSI 42 | MACD bullish crossover | BB %B 0.38 | Stoch 37/33 | OBV rising,718.78,NO,-4.26,Backtest: Stop triggered. -4.3%,0,0
2025-03-31 00:00,CCR,ConsStaples,90,129.1494903564453,133.6,124.7,3.45,3.45,63.8,1.0,4.4467,,23.1,,RSI 40 | MACD bullish crossover | BB %B 0.41 | Stoch 43/40 | OBV rising | Mom +3.9%,123.15,NO,-4.94,Backtest: Stop triggered. -4.9%,0,0
2025-03-31 00:00,BHMG,FinServices,85,375.0,380.86,369.14,1.56,1.56,62.8,1.0,5.865,,21.4,,RSI 43 | MACD bullish crossover | BB %B 0.33 | Stoch 36/21 | OBV rising | Mom -0.3%,386.0,YES,3.21,Backtest: Held to Monday close. +3.2%,1,1
2025-03-31 00:00,ENOG,Energy,80,874.3311767578125,912.59,836.07,4.38,4.38,61.7,1.0,38.2577,,19.6,,RSI 43 | MACD bullish crossover | BB %B 0.38 | Stoch 44/41 | OBV rising,788.95,NO,-10.68,Backtest: Stop triggered. -10.7%,0,0
2025-03-31 00:00,HLN,Pharma,75,391.22869873046875,398.18,384.28,1.78,1.78,60.7,1.0,6.9471,,17.9,,RSI 52 | BB %B 0.46 | EMA20>EMA50>SMA200 | Stoch 64/42 | Mom +1.5%,383.43,NO,-2.84,Backtest: Stop triggered. -2.8%,0,0
2025-03-31 00:00,RKT,Materials,75,5443.6025390625,5548.39,5338.81,1.92,1.93,60.7,1.0,104.7913,,17.9,,RSI 53 | MACD bullish crossover | EMA20>EMA50>SMA200 | Mom +1.9%,5289.56,NO,-3.31,Backtest: Stop triggered. -3.3%,0,0
2025-04-07 00:00,PINT,FinServices,68,91.98182678222656,94.45,89.52,2.68,2.68,59.2,1.0,2.4641,,22.1,,RSI 43 | BB %B 0.17 near lower band | EMA20>EMA50>SMA200 | Stoch 47/37 | OBV rising,95.38,YES,2.14,Backtest: Held to Monday close. +2.1%,1,1
2025-04-07 00:00,IMB,ConsStaples,65,2745.583740234375,2812.33,2678.84,2.43,2.43,58.6,1.0,66.7426,,20.6,,RSI 46 | BB %B 0.33 | EMA20>EMA50>SMA200 | OBV rising,2951.48,YES,6.57,Backtest: Held to Monday close. +6.6%,1,1
2025-04-07 00:00,PAF,Mining,65,39.54362106323242,41.94,37.15,6.06,6.05,58.6,1.0,2.3933,,20.6,,RSI 48 | BB %B 0.39 | EMA20>EMA50>SMA200 | OBV rising,47.84,YES,19.62,Backtest: Held to Monday close. +19.6%,1,1
2025-04-07 00:00,ADM,Insurance,63,2842.040771484375,2909.01,2775.07,2.36,2.36,58.2,1.0,66.9722,,19.7,,RSI 44 | BB %B 0.19 near lower band | EMA20>EMA50>SMA200 | OBV rising | Mom -0.2%,3177.81,YES,11.34,Backtest: Held to Monday close. +11.3%,1,1
2025-04-07 00:00,BA,Industrials,58,1497.21484375,1562.13,1432.3,4.34,4.34,57.1,1.0,64.9169,,17.0,,RSI 45 | BB %B -0.04 near lower band | EMA20>EMA50>SMA200 | Stoch 33/32,1743.17,YES,15.58,Backtest: Held to Monday close. +15.6%,1,1
2025-04-14 00:00,HWDN,Materials,90,704.45703125,726.48,682.44,3.13,3.13,63.8,1.0,22.0194,,21.6,,RSI 42 | MACD bullish crossover | BB %B 0.36 | Stoch 55/45 | OBV rising | Mom +3.3%,712.46,NO,0.56,Backtest: Held to Monday close. +0.6%,1,1
2025-04-14 00:00,GNC,ConsStaples,90,176.78138732910156,186.15,167.41,5.3,5.3,63.8,1.0,9.367,,21.6,,RSI 46 | MACD bullish crossover | BB %B 0.42 | Stoch 55/44 | OBV rising | Mom +3.5%,175.78,NO,-1.01,Backtest: Held to Monday close. -1.0%,0,0
2025-04-14 00:00,CURY,Retail,85,98.03107452392578,102.26,93.8,4.31,4.32,62.8,1.0,4.2304,,20.1,,RSI 58 | MACD rising | EMA20>EMA50>SMA200 | Stoch 65/59 | OBV rising | Mom +3.2%,100.68,NO,3.23,Backtest: Held to Monday close. +3.2%,1,1
2025-04-14 00:00,HMSO,FinServices,80,242.25352478027344,251.41,233.1,3.78,3.78,61.7,1.0,9.1571,,18.3,,RSI 47 | MACD bullish crossover | BB %B 0.46 | Stoch 60/43 | OBV rising,256.05,YES,5.78,Backtest: Held to Monday close. +5.8%,1,1
2025-04-14 00:00,RHIM,Industrials,80,3032.930908203125,3193.38,2872.48,5.29,5.29,61.7,1.0,160.4538,,18.3,,RSI 45 | MACD bullish crossover | BB %B 0.45 | Stoch 62/57 | OBV rising,2972.97,NO,-2.46,Backtest: Held to Monday close. -2.5%,0,0
2025-04-21 00:00,AVON,Industrials,90,1399.860595703125,1479.14,1320.58,5.66,5.66,63.8,1.0,79.2787,,20.9,,RSI 49 | MACD bullish crossover | BB %B 0.50 | Stoch 49/48 | OBV rising | Mom +0.9%,1339.87,NO,-2.62,Backtest: Held to Monday close. -2.6%,0,0
2025-04-21 00:00,SDP,FinServices,90,491.4034729003906,502.95,479.86,2.35,2.35,63.8,1.0,11.5451,,20.9,,RSI 41 | MACD bullish crossover | BB %B 0.36 | Stoch 51/47 | OBV rising | Mom +2.7%,501.9,NO,3.08,Backtest: Held to Monday close. +3.1%,1,1
2025-04-21 00:00,CCEP,ConsStaples,85,6767.98974609375,6944.27,6591.71,2.6,2.6,62.8,1.0,176.2784,,19.4,,RSI 55 | MACD rising | EMA20>EMA50>SMA200 | Stoch 65/64 | OBV rising | Mom +2.7%,6578.05,NO,-2.66,Backtest: Stop triggered. -2.7%,0,0
2025-04-21 00:00,HSX,Insurance,85,1170.681396484375,1207.67,1133.69,3.16,3.16,62.8,1.0,36.9884,,19.4,,RSI 55 | MACD bullish crossover | EMA20>EMA50>SMA200 | Stoch 77/73 | OBV rising,1125.91,NO,-3.58,Backtest: Stop triggered. -3.6%,0,0
2025-04-21 00:00,LLOY,Banking,85,70.30909729003906,72.82,67.8,3.57,3.57,62.8,1.0,2.5065,,19.4,,RSI 54 | MACD bullish crossover | EMA20>EMA50>SMA200 | Stoch 76/75 | OBV rising,73.17,YES,4.07,Backtest: Held to Monday close. +4.1%,1,1
2025-04-28 00:00,SAGA,FinServices,85,138.8000030517578,147.27,130.33,6.1,6.1,62.8,1.0,8.4746,,21.5,,RSI 61 | MACD rising | EMA20>EMA50>SMA200 | Stoch 80/73 | OBV rising | Mom +2.8%,133.6,NO,-4.02,Backtest: Held to Monday close. -4.0%,0,0
2025-04-28 00:00,SN,Pharma,80,997.9164428710938,1022.98,972.85,2.51,2.51,61.7,1.0,25.067,,19.6,,RSI 43 | MACD rising | BB %B 0.43 | Stoch 69/50 | OBV rising | Mom +1.5%,1067.41,YES,6.54,Backtest: Held to Monday close. +6.5%,1,1
2025-04-28 00:00,RS1,Industrials,80,513.79833984375,534.7,492.9,4.07,4.07,61.7,1.0,20.9013,,19.6,,RSI 42 | MACD rising | BB %B 0.45 | Stoch 59/49 | OBV rising | Mom +3.3%,516.3,NO,0.29,Backtest: Held to Monday close. +0.3%,1,1
2025-04-28 00:00,SSPG,Retail,80,143.26649475097656,149.05,137.48,4.04,4.04,61.7,1.0,5.7835,,19.6,,RSI 45 | MACD rising | BB %B 0.48 | Stoch 63/43 | OBV rising | Mom +0.9%,158.46,YES,9.99,Backtest: Held to Monday close. +10.0%,1,1
2025-04-28 00:00,WOSG,ConsStaples,80,360.79998779296875,382.73,338.87,6.08,6.08,61.7,1.0,21.9291,,19.6,,RSI 41 | MACD rising | BB %B 0.45 | Stoch 62/60 | OBV rising | Mom +2.8%,346.8,NO,-3.83,Backtest: Held to Monday close. -3.8%,0,0
2025-05-05 00:00,BATS,ConsStaples,75,3223.494140625,3285.32,3161.66,1.92,1.92,60.7,1.0,61.8297,,20.0,,RSI 57 | MACD rising | EMA20>EMA50>SMA200 | OBV rising | Mom +2.7%,3133.54,NO,-4.25,Backtest: Stop triggered. -4.2%,0,0
2025-05-05 00:00,CTEC,Pharma,75,261.9849853515625,268.35,255.62,2.43,2.43,60.7,1.0,6.3625,,20.0,,RSI 59 | MACD rising | EMA20>EMA50>SMA200 | OBV rising | Mom +2.0%,263.18,NO,0.08,Backtest: Held to Monday close. +0.1%,1,1
2025-05-05 00:00,LSEG,FinServices,75,11564.40625,11872.95,11255.86,2.67,2.67,60.7,1.0,308.543,,20.0,,RSI 55 | MACD rising | EMA20>EMA50>SMA200 | OBV rising | Mom +1.1%,11264.42,NO,-2.26,Backtest: Held to Monday close. -2.3%,0,0
2025-05-05 00:00,PRU,Insurance,75,819.151611328125,844.03,794.28,3.04,3.04,60.7,1.0,24.8752,,20.0,,RSI 61 | MACD rising | EMA20>EMA50>SMA200 | OBV rising | Mom +2.2%,873.75,YES,6.85,Backtest: Held to Monday close. +6.8%,1,1
2025-05-05 00:00,RR,Industrials,75,783.9675903320312,814.48,753.45,3.89,3.89,60.7,1.0,30.5148,,20.0,,RSI 63 | MACD rising | EMA20>EMA50>SMA200 | OBV rising | Mom +3.8%,800.97,NO,1.68,Backtest: Held to Monday close. +1.7%,1,1
2025-05-12 00:00,HSX,Insurance,85,1149.9068603515625,1179.56,1120.26,2.58,2.58,62.8,1.0,29.6482,,23.0,,RSI 54 | MACD rising | EMA20>EMA50>SMA200 | Stoch 68/67 | OBV rising | Mom +1.9%,1191.9,YES,4.1,Backtest: Held to Monday close. +4.1%,1,1
2025-05-12 00:00,CTEC,Pharma,75,261.9849853515625,267.88,256.09,2.25,2.25,60.7,1.0,5.8954,,19.2,,RSI 58 | MACD rising | EMA20>EMA50>SMA200 | Stoch 77/53 | OBV rising,274.98,YES,5.36,Backtest: Held to Monday close. +5.4%,1,1
2025-05-12 00:00,LLOY,Banking,75,73.02867889404297,74.89,71.17,2.55,2.55,60.7,1.0,1.8599,,19.2,,RSI 58 | MACD rising | EMA20>EMA50>SMA200 | OBV rising | Mom +3.5%,78.01,YES,8.81,Backtest: Held to Monday close. +8.8%,1,1
2025-05-12 00:00,DOM,Leisure,75,272.5518798828125,280.52,264.59,2.92,2.92,60.7,1.0,7.9667,,19.2,,RSI 50 | MACD bullish crossover | Stoch 59/34 | OBV rising | Mom +1.6%,271.55,NO,-0.51,Backtest: Held to Monday close. -0.5%,0,0
2025-05-12 00:00,JII,FinServices,75,1025.773193359375,1048.76,1002.79,2.24,2.24,60.7,1.0,22.9862,,19.2,,RSI 62 | MACD bullish crossover | EMA20>EMA50 | OBV rising | Mom +2.0%,1075.76,YES,4.67,Backtest: Held to Monday close. +4.7%,1,1
2025-05-19 00:00,CNA,Utilities,85,151.98355102539062,155.75,148.22,2.48,2.48,62.8,1.0,3.7616,,21.4,,RSI 53 | BB %B 0.44 | EMA20>EMA50>SMA200 | Stoch 45/34 | OBV rising | Mom +2.7%,156.13,YES,2.19,Backtest: Held to Monday close. +2.2%,1,1
2025-05-19 00:00,REL,Media,85,4105.7802734375,4183.61,4027.96,1.9,1.9,62.8,1.0,77.825,,21.4,,RSI 61 | MACD bullish crossover | EMA20>EMA50>SMA200 | Stoch 79/73 | OBV rising,4122.78,NO,0.54,Backtest: Held to Monday close. +0.5%,1,1
2025-05-19 00:00,AZN,Pharma,80,10370.2158203125,10669.35,10071.08,2.88,2.88,61.7,1.0,299.1352,,19.6,,RSI 47 | MACD rising | BB %B 0.49 | Stoch 58/50 | OBV rising | Mom +1.0%,10482.2,NO,0.42,Backtest: Held to Monday close. +0.4%,1,1
2025-05-19 00:00,BHMG,FinServices,80,393.5,400.62,386.38,1.81,1.81,61.7,1.0,7.1203,,19.6,,RSI 50 | BB %B 0.37 | EMA20>EMA50>SMA200 | Stoch 40/31 | OBV rising | Mom -0.4%,391.0,NO,-0.26,Backtest: Held to Monday close. -0.3%,0,0
2025-05-19 00:00,ABF,ConsStaples,75,2086.378662109375,2142.29,2030.47,2.68,2.68,60.7,1.0,55.9134,,17.9,,RSI 53 | BB %B 0.46 | EMA20>EMA50 | Stoch 72/50 | OBV rising | Mom +0.8%,2108.37,NO,0.76,Backtest: Held to Monday close. +0.8%,1,1
2025-05-26 00:00,III,FinServices,85,4116.11474609375,4227.56,4004.67,2.71,2.71,62.8,1.0,111.4425,,22.2,,RSI 54 | BB %B 0.42 | EMA20>EMA50>SMA200 | Stoch 48/42 | OBV rising | Mom +3.6%,4076.12,NO,-1.76,Backtest: Held to Monday close. -1.8%,0,0
2025-05-26 00:00,TBCG,Banking,85,4577.00244140625,4757.09,4396.91,3.93,3.93,62.8,1.0,180.0914,,22.2,,RSI 54 | BB %B 0.47 | EMA20>EMA50>SMA200 | Stoch 60/56 | OBV rising | Mom +0.9%,4427.1,NO,-4.11,Backtest: Held to Monday close. -4.1%,0,0
2025-05-26 00:00,NG,Utilities,75,1090.5313720703125,1113.28,1067.78,2.09,2.09,60.7,1.0,22.7493,,18.5,,RSI 61 | MACD rising | EMA20>EMA50>SMA200 | OBV rising | Mom +2.8%,1030.85,NO,-6.07,Backtest: Stop triggered. -6.1%,0,0
2025-05-26 00:00,ITV,Media,75,78.03263854980469,80.51,75.55,3.17,3.18,60.7,1.0,2.4778,,18.5,,RSI 51 | BB %B 0.33 | EMA20>EMA50>SMA200 | Stoch 48/45 | OBV rising,76.98,NO,-2.35,Backtest: Held to Monday close. -2.3%,0,0
2025-05-26 00:00,PNN,Energy,75,513.7282104492188,528.61,498.85,2.9,2.9,60.7,1.0,14.8815,,18.5,,RSI 62 | MACD rising | EMA20>EMA50 | Stoch 79/78 | OBV rising | Mom +3.7%,488.34,NO,-6.04,Backtest: Held to Monday close. -6.0%,0,0
2025-06-02 00:00,PAGE,Industrials,90,271.7412109375,281.65,261.83,3.65,3.65,63.8,1.0,9.9138,,23.1,,RSI 49 | MACD bullish crossover | BB %B 0.47 | Stoch 40/33 | OBV rising | Mom +2.5%,279.74,NO,3.17,Backtest: Held to Monday close. +3.2%,1,1
2025-06-02 00:00,TFIF,FinServices,85,110.54199981689453,112.12,108.96,1.43,1.43,62.8,1.0,1.5776,,21.4,,RSI 60 | MACD rising | EMA20>EMA50>SMA200 | Stoch 75/60 | OBV rising | Mom +0.9%,112.14,YES,1.26,Backtest: Held to Monday close. +1.3%,1,1
2025-06-02 00:00,BAG,ConsStaples,80,693.9642944335938,710.85,677.08,2.43,2.43,61.7,1.0,16.8886,,19.6,,RSI 54 | BB %B 0.38 | EMA20>EMA50>SMA200 | Stoch 38/35 | OBV rising | Mom -1.0%,679.97,NO,-2.16,Backtest: Held to Monday close. -2.2%,0,0
2025-06-02 00:00,BEZ,Insurance,75,948.0,970.33,925.67,2.36,2.36,60.7,1.0,22.3315,,17.9,,RSI 63 | MACD rising | EMA20>EMA50>SMA200 | OBV rising | Mom +2.5%,946.0,NO,-0.63,Backtest: Held to Monday close. -0.6%,0,0
2025-06-02 00:00,GAW,ConsDis,75,15506.486328125,15878.11,15134.86,2.4,2.4,60.7,1.0,371.6217,,17.9,,RSI 55 | BB %B 0.45 | EMA20>EMA50>SMA200 | Stoch 48/40 | Mom +0.5%,16146.34,YES,3.99,Backtest: Held to Monday close. +4.0%,1,1
2025-06-09 00:00,FCSS,FinServices,95,255.41033935546875,262.14,248.68,2.63,2.64,64.9,1.0,6.7273,,23.0,,RSI 58 | MACD bullish crossover | EMA20>EMA50>SMA200 | Stoch 77/59 | OBV rising | Mom +3.0%,255.91,NO,-0.39,Backtest: Held to Monday close. -0.4%,0,0
2025-06-09 00:00,FOUR,Media,90,3469.37744140625,3609.7,3329.05,4.04,4.04,63.8,1.0,140.3234,,21.3,,RSI 51 | MACD bullish crossover | BB %B 0.43 | Stoch 45/38 | OBV rising | Mom +0.9%,3524.37,NO,5.22,Backtest: Held to Monday close. +5.2%,1,1
2025-06-09 00:00,WEIR,Industrials,85,2455.826416015625,2501.4,2410.26,1.86,1.86,62.8,1.0,45.5688,,19.7,,RSI 63 | MACD bullish crossover | EMA20>EMA50>SMA200 | OBV rising | Mom +2.0%,2529.82,YES,3.1,Backtest: Held to Monday close. +3.1%,1,1
2025-06-09 00:00,GFRD,Materials,80,409.3913879394531,424.57,394.22,3.71,3.71,61.7,1.0,15.1762,,18.0,,RSI 56 | BB %B 0.39 | EMA20>EMA50>SMA200 | Stoch 43/43 | OBV rising | Mom -0.1%,414.89,NO,0.48,Backtest: Held to Monday close. +0.5%,1,1
2025-06-09 00:00,MTRO,Banking,80,114.80000305175781,120.85,108.75,5.27,5.27,61.7,1.0,6.0514,,18.0,,RSI 57 | BB %B 0.36 | EMA20>EMA50>SMA200 | Stoch 36/27 | OBV rising | Mom -0.2%,130.0,YES,13.04,Backtest: Held to Monday close. +13.0%,1,1
2025-06-16 00:00,NG,Utilities,100,1052.85107421875,1069.45,1036.25,1.58,1.58,65.9,1.0,16.5986,,23.3,,RSI 51 | MACD bullish crossover | BB %B 0.44 | EMA20>EMA50>SMA200 | OBV rising | Mom +1.6%,1067.35,NO,2.35,Backtest: Held to Monday close. +2.3%,1,1
2025-06-16 00:00,PPET,FinServices,95,561.8707885742188,577.63,546.12,2.8,2.8,64.9,1.0,15.7555,,21.9,,RSI 53 | MACD bullish crossover | EMA20>EMA50>SMA200 | Stoch 66/63 | OBV rising | Mom +2.2%,559.92,NO,0.37,Backtest: Held to Monday close. +0.4%,1,1
2025-06-16 00:00,CCH,ConsStaples,85,3918.0,3977.17,3858.83,1.51,1.51,62.8,1.0,59.172,,18.8,,RSI 55 | BB %B 0.44 | EMA20>EMA50>SMA200 | Stoch 53/48 | OBV rising | Mom +1.0%,3858.0,NO,-0.77,Backtest: Stop triggered. -0.8%,0,0
2025-06-16 00:00,DNLM,Retail,85,1178.7169189453125,1212.61,1144.83,2.88,2.87,62.8,1.0,33.8884,,18.8,,RSI 56 | BB %B 0.43 | EMA20>EMA50>SMA200 | Stoch 59/58 | OBV rising | Mom +2.8%,1166.72,NO,-1.52,Backtest: Held to Monday close. -1.5%,0,0
2025-06-16 00:00,AAF,Telecoms,80,177.05804443359375,181.41,172.7,2.46,2.46,61.7,1.0,4.3566,,17.2,,RSI 53 | BB %B 0.31 | EMA20>EMA50>SMA200 | Stoch 30/29 | OBV rising | Mom -0.6%,171.59,NO,-2.43,Backtest: Stop triggered. -2.4%,0,0
2025-06-23 00:00,NG,Utilities,85,1076.84765625,1093.47,1060.22,1.54,1.54,62.8,1.0,16.625,,20.7,,RSI 61 | MACD bullish crossover | EMA20>EMA50>SMA200 | OBV rising | Mom +2.3%,1072.85,NO,-0.37,Backtest: Held to Monday close. -0.4%,0,0
2025-06-23 00:00,MAB,Leisure,85,283.0,291.92,274.08,3.15,3.15,62.8,1.0,8.9245,,20.7,,RSI 60 | BB %B 0.49 | EMA20>EMA50>SMA200 | Stoch 57/40 | OBV rising | Mom +1.8%,291.5,NO,2.82,Backtest: Held to Monday close. +2.8%,1,1
2025-06-23 00:00,PFD,ConsStaples,85,201.47177124023438,207.15,195.79,2.82,2.82,62.8,1.0,5.6832,,20.7,,RSI 45 | BB %B 0.26 | EMA20>EMA50>SMA200 | Stoch 26/24 | OBV rising | Mom +0.8%,203.5,NO,1.01,Backtest: Held to Monday close. +1.0%,1,1
2025-06-23 00:00,GNS,Pharma,80,1959.7476806640625,2018.78,1900.71,3.01,3.01,61.7,1.0,59.0359,,18.9,,RSI 48 | BB %B 0.31 | EMA20>EMA50>SMA200 | Stoch 48/44 | OBV rising | Mom -0.4%,2019.74,YES,1.0,Backtest: Held to Monday close. +1.0%,1,1
2025-06-23 00:00,HTWS,Telecoms,80,118.0,121.88,114.12,3.29,3.29,61.7,1.0,3.8753,,18.9,,RSI 51 | BB %B 0.25 | EMA20>EMA50>SMA200 | Stoch 26/21 | OBV rising | Mom -0.5%,122.6,YES,4.07,Backtest: Held to Monday close. +4.1%,1,1
2025-06-30 00:00,SN,Pharma,95,1112.90673828125,1129.8,1096.02,1.52,1.52,64.9,1.0,16.8899,,22.2,,RSI 61 | MACD bullish crossover | EMA20>EMA50>SMA200 | Stoch 80/72 | OBV rising | Mom +3.1%,1099.91,NO,-1.35,Backtest: Held to Monday close. -1.3%,0,0
2025-06-30 00:00,GAMA,Telecoms,90,1137.9144287109375,1171.17,1104.66,2.92,2.92,63.8,1.0,33.2511,,20.6,,RSI 43 | MACD bullish crossover | BB %B 0.32 | Stoch 32/26 | OBV rising | Mom +2.2%,1115.92,NO,-1.93,Backtest: Held to Monday close. -1.9%,0,0
2025-06-30 00:00,III,FinServices,85,4119.53662109375,4216.65,4022.43,2.36,2.36,62.8,1.0,97.1107,,19.1,,RSI 51 | BB %B 0.47 | EMA20>EMA50>SMA200 | Stoch 56/53 | OBV rising | Mom +2.4%,4199.53,NO,1.52,Backtest: Held to Monday close. +1.5%,1,1
2025-06-30 00:00,BEZ,Insurance,85,935.0,953.26,916.74,1.95,1.95,62.8,1.0,18.2587,,19.1,,RSI 52 | BB %B 0.43 | EMA20>EMA50>SMA200 | Stoch 56/56 | OBV rising | Mom +1.2%,900.5,NO,-4.25,Backtest: Stop triggered. -4.3%,0,0
2025-06-30 00:00,HSBA,Banking,85,881.6710815429688,895.61,867.73,1.58,1.58,62.8,1.0,13.9393,,19.1,,RSI 54 | MACD rising | EMA20>EMA50>SMA200 | Stoch 62/59 | OBV rising | Mom +2.5%,899.27,YES,2.01,Backtest: Held to Monday close. +2.0%,1,1
2025-07-07 00:00,EXPN,Industrials,95,3864.82177734375,3934.15,3795.5,1.79,1.79,64.9,1.0,69.3258,,23.3,,RSI 57 | MACD bullish crossover | EMA20>EMA50>SMA200 | Stoch 78/65 | OBV rising | Mom +3.0%,4017.81,YES,4.34,Backtest: Held to Monday close. +4.3%,1,1
2025-07-07 00:00,ASHM,FinServices,85,158.56629943847656,163.78,153.36,3.29,3.28,62.8,1.0,5.2111,,20.0,,RSI 57 | MACD bullish crossover | EMA20>EMA50 | Stoch 72/72 | OBV rising | Mom +1.4%,171.56,YES,6.65,Backtest: Held to Monday close. +6.6%,1,1
2025-07-07 00:00,BAG,ConsStaples,85,694.9642333984375,711.01,678.92,2.31,2.31,62.8,1.0,16.044,,20.0,,RSI 55 | MACD rising | EMA20>EMA50>SMA200 | Stoch 75/74 | OBV rising | Mom +1.0%,673.97,NO,-1.61,Backtest: Stop triggered. -1.6%,1,0
2025-07-07 00:00,FAN,Materials,85,609.9254760742188,624.35,595.5,2.36,2.37,62.8,1.0,14.4227,,20.0,,RSI 57 | MACD bullish crossover | EMA20>EMA50>SMA200 | OBV rising | Mom +3.2%,616.92,NO,3.52,Backtest: Held to Monday close. +3.5%,1,1
2025-07-07 00:00,GAW,ConsDis,75,16016.3720703125,16351.39,15681.35,2.09,2.09,60.7,1.0,335.0203,,16.7,,RSI 51 | BB %B 0.34 | EMA20>EMA50>SMA200 | Stoch 42/29 | OBV rising,16037.21,NO,0.19,Backtest: Held to Monday close. +0.2%,1,1
2025-07-14 00:00,ABF,ConsStaples,85,2087.585205078125,2126.39,2048.78,1.86,1.86,62.8,1.0,38.8013,,20.0,,RSI 55 | MACD bullish crossover | EMA20>EMA50 | Stoch 64/47 | OBV rising | Mom +1.9%,2207.56,YES,5.44,Backtest: Held to Monday close. +5.4%,1,1
2025-07-14 00:00,BA,Industrials,85,1910.362060546875,1949.27,1871.45,2.04,2.04,62.8,1.0,38.9118,,20.0,,RSI 58 | MACD bullish crossover | EMA20>EMA50>SMA200 | OBV rising | Mom +1.9%,1860.37,NO,-2.85,Backtest: Stop triggered. -2.8%,0,0
2025-07-14 00:00,LLOY,Banking,85,76.4881362915039,77.93,75.05,1.89,1.88,62.8,1.0,1.4425,,20.0,,RSI 54 | MACD bullish crossover | EMA20>EMA50>SMA200 | Stoch 77/68 | Mom +1.1%,77.89,NO,1.49,Backtest: Held to Monday close. +1.5%,1,1
2025-07-14 00:00,NG,Utilities,85,1048.8516845703125,1066.52,1031.18,1.68,1.68,62.8,1.0,17.667,,20.0,,RSI 51 | BB %B 0.49 | EMA20>EMA50>SMA200 | Stoch 45/23 | OBV rising | Mom +1.3%,1084.35,YES,3.29,Backtest: Held to Monday close. +3.3%,1,1
2025-07-14 00:00,NXT,Retail,85,12281.0849609375,12486.8,12075.37,1.68,1.68,62.8,1.0,205.7158,,20.0,,RSI 47 | BB %B 0.44 | EMA20>EMA50>SMA200 | Stoch 56/49 | OBV rising | Mom +1.1%,12151.13,NO,-1.14,Backtest: Held to Monday close. -1.1%,0,0
2025-07-21 00:00,NXT,Retail,95,12246.095703125,12433.95,12058.24,1.53,1.53,64.9,1.0,187.8519,,20.9,,RSI 47 | MACD rising | BB %B 0.47 | EMA20>EMA50>SMA200 | Stoch 60/54 | OBV rising | Mom -0.3%,12186.12,NO,-0.2,Backtest: Held to Monday close. -0.2%,0,0
2025-07-21 00:00,SVT,Utilities,95,2721.51904296875,2768.62,2674.42,1.73,1.73,64.9,1.0,47.104,,20.9,,RSI 56 | MACD bullish crossover | EMA20>EMA50>SMA200 | Stoch 71/51 | OBV rising | Mom +2.5%,2669.53,NO,-2.45,Backtest: Stop triggered. -2.4%,0,0
2025-07-21 00:00,MRC,FinServices,95,254.4686279296875,257.77,251.17,1.3,1.3,64.9,1.0,3.2965,,20.9,,RSI 58 | MACD bullish crossover | EMA20>EMA50>SMA200 | Stoch 78/60 | OBV rising | Mom +1.4%,251.47,NO,-0.79,Backtest: Held to Monday close. -0.8%,0,0
2025-07-21 00:00,BLND,RealEstate,90,361.2940673828125,368.82,353.77,2.08,2.08,63.8,1.0,7.5216,,19.4,,RSI 47 | MACD bullish crossover | BB %B 0.47 | Stoch 45/28 | OBV rising | Mom +2.4%,352.9,NO,-2.32,Backtest: Held to Monday close. -2.3%,0,0
2025-07-21 00:00,CCH,ConsStaples,85,4012.0,4073.84,3950.16,1.54,1.54,62.8,1.0,61.839,,18.0,,RSI 60 | MACD rising | EMA20>EMA50>SMA200 | Stoch 78/71 | OBV rising | Mom +1.5%,3912.0,NO,-2.2,Backtest: Stop triggered. -2.2%,0,0
2025-07-28 00:00,THRL,FinServices,95,101.5546646118164,104.53,98.58,2.93,2.93,64.9,1.0,2.9718,,24.5,,RSI 54 | MACD bullish crossover | EMA20>EMA50>SMA200 | Stoch 70/48 | OBV rising | Mom +1.4%,97.66,NO,-2.69,Backtest: Stop triggered. -2.7%,0,0
2025-07-28 00:00,GSK,Pharma,80,1397.6104736328125,1430.5,1364.72,2.35,2.35,61.7,1.0,32.8937,,19.3,,RSI 49 | MACD bullish crossover | BB %B 0.49 | Stoch 46/44 | OBV rising,1396.61,NO,0.22,Backtest: Held to Monday close. +0.2%,1,1
2025-07-28 00:00,PSON,Media,80,1054.9227294921875,1069.86,1039.99,1.42,1.42,61.7,1.0,14.9336,,19.3,,RSI 44 | MACD rising | BB %B 0.42 | Stoch 55/50 | OBV rising | Mom +1.0%,1126.92,YES,7.23,Backtest: Held to Monday close. +7.2%,1,1
2025-07-28 00:00,FGP,Leisure,80,221.1725311279297,231.64,210.7,4.73,4.74,61.7,1.0,10.4688,,19.3,,RSI 53 | BB %B 0.47 | EMA20>EMA50>SMA200 | Stoch 57/50 | OBV rising | Mom -0.9%,230.57,NO,6.76,Backtest: Held to Monday close. +6.8%,1,1
2025-07-28 00:00,SHEL,Energy,75,2686.142822265625,2725.86,2646.42,1.48,1.48,60.7,1.0,39.7219,,17.6,,RSI 63 | MACD rising | EMA20>EMA50>SMA200 | OBV rising | Mom +2.8%,2690.64,NO,0.06,Backtest: Held to Monday close. +0.1%,1,1
2025-08-04 00:00,PRU,Insurance,85,950.3438720703125,967.02,933.67,1.75,1.75,62.8,1.0,16.6738,,20.7,,RSI 60 | MACD rising | EMA20>EMA50>SMA200 | Stoch 68/67 | OBV rising | Mom +1.4%,975.94,YES,2.56,Backtest: Held to Monday close. +2.6%,1,1
2025-08-04 00:00,UU,Utilities,85,1149.8291015625,1170.02,1129.64,1.76,1.76,62.8,1.0,20.1932,,20.7,,RSI 58 | MACD rising | EMA20>EMA50>SMA200 | Stoch 73/59 | OBV rising | Mom +3.6%,1112.33,NO,-3.47,Backtest: Held to Monday close. -3.5%,0,0
2025-08-04 00:00,FGP,Leisure,85,229.77146911621094,239.43,220.12,4.2,4.2,62.8,1.0,9.6542,,20.7,,RSI 64 | MACD bullish crossover | EMA20>EMA50>SMA200 | OBV rising | Mom +3.9%,231.17,NO,0.61,Backtest: Held to Monday close. +0.6%,1,1
2025-08-04 00:00,JFJ,FinServices,85,643.9205322265625,654.53,633.31,1.65,1.65,62.8,1.0,10.6135,,20.7,,RSI 57 | MACD rising | EMA20>EMA50>SMA200 | Stoch 59/53 | OBV rising | Mom +1.3%,666.92,YES,4.06,Backtest: Held to Monday close. +4.1%,1,1
2025-08-04 00:00,BA,Industrials,75,1835.3675537109375,1876.83,1793.91,2.26,2.26,60.7,1.0,41.4621,,17.3,,RSI 47 | BB %B 0.34 | EMA20>EMA50>SMA200 | Stoch 46/37 | Mom +1.7%,1758.37,NO,-4.3,Backtest: Stop triggered. -4.3%,0,0
2025-08-11 00:00,GPE,FinServices,100,337.9692687988281,346.17,329.77,2.43,2.43,65.9,1.0,8.1999,,26.6,,RSI 49 | MACD bullish crossover | BB %B 0.43 | EMA20>EMA50>SMA200 | OBV rising | Mom +1.5%,327.47,NO,-3.39,Backtest: Stop triggered. -3.4%,0,0
2025-08-11 00:00,ZIG,Industrials,80,335.7514953613281,346.17,325.34,3.1,3.1,61.7,1.0,10.4139,,19.6,,RSI 47 | MACD rising | BB %B 0.42 | Stoch 42/41 | OBV rising | Mom +2.1%,339.25,NO,-0.29,Backtest: Held to Monday close. -0.3%,0,0
2025-08-11 00:00,ANTO,Mining,75,2036.88623046875,2088.08,1985.69,2.51,2.51,60.7,1.0,51.1979,,17.9,,RSI 65 | MACD bullish crossover | EMA20>EMA50>SMA200 | OBV rising,2114.88,YES,3.42,Backtest: Held to Monday close. +3.4%,1,1
2025-08-11 00:00,NWG,Banking,75,533.0,544.49,521.51,2.16,2.16,60.7,1.0,11.4856,,17.9,,RSI 60 | MACD rising | EMA20>EMA50>SMA200 | OBV rising | Mom +1.0%,547.0,YES,2.43,Backtest: Held to Monday close. +2.4%,1,1
2025-08-11 00:00,HTWS,Telecoms,75,121.5999984741211,124.65,118.55,2.51,2.51,60.7,1.0,3.054,,17.9,,RSI 58 | MACD rising | EMA20>EMA50>SMA200 | OBV rising | Mom +3.8%,123.8,NO,4.92,Backtest: Held to Monday close. +4.9%,1,1
2025-08-18 00:00,EDIN,FinServices,110,794.852783203125,803.08,786.63,1.04,1.03,68.0,1.0,8.2245,,24.9,,RSI 51 | MACD bullish crossover | BB %B 0.47 | EMA20>EMA50>SMA200 | Stoch 55/51 | OBV rising | Mom +0.9%,807.85,YES,1.25,Backtest: Held to Monday close. +1.3%,1,1
2025-08-18 00:00,SNR,Industrials,95,199.79129028320312,208.65,190.93,4.43,4.44,64.9,1.0,8.8564,,20.6,,RSI 60 | MACD bullish crossover | EMA20>EMA50>SMA200 | Stoch 75/72 | OBV rising | Mom +1.7%,200.49,NO,0.25,Backtest: Held to Monday close. +0.2%,1,1
2025-08-18 00:00,CCH,ConsStaples,90,3892.0,3963.69,3820.31,1.84,1.84,63.8,1.0,71.6863,,19.1,,RSI 50 | MACD bullish crossover | BB %B 0.48 | EMA20>EMA50>SMA200 | Mom +0.5%,3814.0,NO,-2.31,Backtest: Held to Monday close. -2.3%,0,0
2025-08-18 00:00,EDV,Mining,85,2485.5009765625,2558.5,2412.51,2.94,2.94,62.8,1.0,72.9944,,17.7,,RSI 64 | MACD rising | EMA20>EMA50>SMA200 | Stoch 76/74 | OBV rising | Mom +1.6%,2577.48,YES,2.87,Backtest: Held to Monday close. +2.9%,1,1
2025-08-18 00:00,JD,Retail,85,87.79705810546875,90.28,85.31,2.83,2.83,62.8,1.0,2.4876,,17.7,,RSI 53 | MACD bullish crossover | EMA20>EMA50 | Stoch 72/56 | OBV rising | Mom +2.3%,94.02,YES,6.84,Backtest: Held to Monday close. +6.8%,1,1
2025-08-25 00:00,EXPN,Industrials,95,3868.821533203125,3932.59,3805.05,1.65,1.65,64.9,1.0,63.7666,,20.9,,RSI 50 | MACD bullish crossover | EMA20>EMA50>SMA200 | Stoch 69/64 | OBV rising | Mom +1.8%,3801.82,NO,-0.63,Backtest: Stop triggered. -0.6%,0,0
2025-08-25 00:00,DNLM,Retail,95,1226.705322265625,1253.28,1200.14,2.17,2.17,64.9,1.0,26.5697,,20.9,,RSI 64 | MACD bullish crossover | EMA20>EMA50>SMA200 | Stoch 70/61 | OBV rising | Mom +2.9%,1199.71,NO,-3.85,Backtest: Stop triggered. -3.8%,0,0
2025-08-25 00:00,QLT,FinServices,95,168.07952880859375,172.72,163.43,2.76,2.77,64.9,1.0,4.6454,,20.9,,RSI 59 | MACD bullish crossover | EMA20>EMA50>SMA200 | Stoch 79/71 | OBV rising | Mom +1.2%,158.4,NO,-4.51,Backtest: Held to Monday close. -4.5%,0,0
2025-08-25 00:00,MAB,Leisure,90,268.5,276.4,260.6,2.94,2.94,63.8,1.0,7.895,,19.4,,RSI 42 | MACD bullish crossover | BB %B 0.36 | Stoch 41/33 | OBV rising | Mom +1.1%,257.5,NO,-5.85,Backtest: Stop triggered. -5.9%,0,0
2025-08-25 00:00,ELM,Chemicals,85,168.1999969482422,172.49,163.91,2.55,2.55,62.8,1.0,4.2941,,18.0,,RSI 52 | BB %B 0.49 | EMA20>EMA50>SMA200 | Stoch 40/34 | OBV rising | Mom +2.1%,163.0,NO,-2.63,Backtest: Stop triggered. -2.6%,0,0
2025-09-01 00:00,HTG,Energy,85,333.95556640625,347.2,320.72,3.97,3.96,62.8,1.0,13.2395,,22.2,,RSI 64 | MACD rising | EMA20>EMA50>SMA200 | Stoch 70/60 | OBV rising | Mom +3.6%,333.46,NO,-0.3,Backtest: Held to Monday close. -0.3%,0,0
2025-09-01 00:00,INVP,FinServices,85,547.3197021484375,561.78,532.86,2.64,2.64,62.8,1.0,14.4646,,22.2,,RSI 51 | MACD bullish crossover | EMA20>EMA50>SMA200 | Stoch 58/57 | OBV rising,580.31,YES,5.16,Backtest: Held to Monday close. +5.2%,1,1
2025-09-01 00:00,BAB,Industrials,75,1036.97705078125,1067.24,1006.72,2.92,2.92,60.7,1.0,30.2594,,18.5,,RSI 56 | MACD rising | EMA20>EMA50>SMA200 | OBV rising | Mom +3.7%,1097.98,YES,6.29,Backtest: Held to Monday close. +6.3%,1,1
2025-09-01 00:00,TSCO,ConsStaples,75,430.9537658691406,437.73,424.18,1.57,1.57,60.7,1.0,6.7718,,18.5,,RSI 61 | MACD rising | EMA20>EMA50>SMA200 | OBV rising | Mom +1.1%,438.85,YES,2.47,Backtest: Held to Monday close. +2.5%,1,1
2025-09-01 00:00,SRE,RealEstate,75,101.46965026855469,103.94,99.0,2.43,2.43,60.7,1.0,2.4668,,18.5,,RSI 51 | BB %B 0.36 | EMA20>EMA50>SMA200 | Stoch 26/24 | OBV rising,98.67,NO,-2.66,Backtest: Stop triggered. -2.7%,0,0
2025-09-08 00:00,BLND,RealEstate,90,338.10089111328125,344.89,331.31,2.01,2.01,63.8,1.0,6.7895,,21.3,,RSI 47 | MACD bullish crossover | BB %B 0.47 | Stoch 64/52 | OBV rising | Mom +1.3%,333.3,NO,-1.48,Backtest: Held to Monday close. -1.5%,0,0
2025-09-08 00:00,CMCX,FinServices,90,222.95877075195312,233.24,212.68,4.61,4.61,63.8,1.0,10.2775,,21.3,,RSI 42 | MACD bullish crossover | BB %B 0.32 | Stoch 46/39 | OBV rising | Mom +0.9%,219.96,NO,-1.35,Backtest: Held to Monday close. -1.3%,0,0
2025-09-08 00:00,ABF,ConsStaples,85,2236.5556640625,2277.52,2195.59,1.83,1.83,62.8,1.0,40.9649,,19.7,,RSI 53 | BB %B 0.45 | EMA20>EMA50>SMA200 | Stoch 42/37 | OBV rising | Mom +2.1%,1945.11,NO,-13.65,Backtest: Stop triggered. -13.6%,0,0
2025-09-08 00:00,ELM,Chemicals,85,164.60000610351562,168.56,160.64,2.41,2.41,62.8,1.0,3.9598,,19.7,,RSI 49 | BB %B 0.43 | EMA20>EMA50>SMA200 | Stoch 48/38 | OBV rising | Mom +1.0%,162.0,NO,-4.37,Backtest: Held to Monday close. -4.4%,0,0
2025-09-08 00:00,BCG,Tech,80,330.45782470703125,342.15,318.77,3.54,3.54,61.7,1.0,11.6924,,18.0,,RSI 44 | MACD bullish crossover | BB %B 0.40 | Stoch 59/41 | OBV rising,321.48,NO,-3.45,Backtest: Held to Monday close. -3.4%,0,0
2025-09-15 00:00,CTY,FinServices,95,500.8980407714844,506.12,495.68,1.04,1.04,64.9,1.0,5.221,,21.2,,RSI 55 | MACD bullish crossover | EMA20>EMA50>SMA200 | Stoch 71/62 | OBV rising | Mom +1.1%,499.4,NO,-0.1,Backtest: Held to Monday close. -0.1%,0,0
2025-09-15 00:00,FSG,Banking,95,470.2447204589844,482.31,458.18,2.57,2.57,64.9,1.0,12.0697,,21.2,,RSI 61 | MACD bullish crossover | EMA20>EMA50>SMA200 | Stoch 60/59 | OBV rising | Mom +1.8%,464.91,NO,0.04,Backtest: Held to Monday close. +0.0%,1,1
2025-09-15 00:00,SSE,Energy,90,1672.33935546875,1702.52,1642.16,1.8,1.8,63.8,1.0,30.1796,,19.7,,RSI 40 | MACD bullish crossover | BB %B 0.39 | Stoch 34/29 | OBV rising | Mom +1.4%,1704.84,YES,1.61,Backtest: Held to Monday close. +1.6%,1,1
2025-09-15 00:00,KIE,Materials,90,191.95602416992188,197.91,186.0,3.1,3.1,63.8,1.0,5.9521,,19.7,,RSI 48 | MACD bullish crossover | BB %B 0.49 | Stoch 66/58 | OBV rising | Mom +3.0%,208.95,YES,5.03,Backtest: Held to Monday close. +5.0%,1,1
2025-09-15 00:00,UU,Utilities,85,1153.8284912109375,1173.27,1134.39,1.68,1.68,62.8,1.0,19.4424,,18.2,,RSI 58 | MACD rising | EMA20>EMA50>SMA200 | Stoch 74/64 | OBV rising | Mom +2.8%,1131.83,NO,-1.99,Backtest: Stop triggered. -2.0%,0,0
2025-09-22 00:00,ASHM,FinServices,90,169.0574493408203,175.35,162.76,3.72,3.73,63.8,1.0,6.2964,,22.0,,RSI 49 | MACD bullish crossover | BB %B 0.47 | Stoch 73/68 | OBV rising | Mom +1.1%,178.05,YES,5.26,Backtest: Held to Monday close. +5.3%,1,1
2025-09-22 00:00,GSK,Pharma,85,1510.7474365234375,1541.22,1480.28,2.02,2.02,62.8,1.0,30.4678,,20.4,,RSI 61 | MACD bullish crossover | EMA20>EMA50>SMA200 | Stoch 77/58 | Mom +2.2%,1470.25,YES,-2.42,Backtest: Stop triggered. -2.4%,1,0
2025-09-22 00:00,ITH,Energy,85,188.7205352783203,197.31,180.13,4.55,4.55,62.8,1.0,8.5943,,20.4,,RSI 49 | BB %B 0.36 | EMA20>EMA50>SMA200 | Stoch 25/17 | OBV rising | Mom +1.9%,196.92,NO,0.92,Backtest: Held to Monday close. +0.9%,1,1
2025-09-22 00:00,KGF,Retail,80,252.1677703857422,257.23,247.1,2.01,2.01,61.7,1.0,5.0641,,18.6,,RSI 44 | MACD rising | BB %B 0.50 | Stoch 72/62 | OBV rising | Mom +3.7%,308.66,YES,6.19,Backtest: Held to Monday close. +6.2%,1,1
2025-09-22 00:00,FSG,Banking,80,466.41448974609375,478.84,453.99,2.66,2.66,61.7,1.0,12.4259,,18.6,,RSI 56 | MACD bullish crossover | EMA20>EMA50>SMA200 | Stoch 50/41 | Mom -0.8%,487.41,YES,3.72,Backtest: Held to Monday close. +3.7%,1,1
2025-09-29 00:00,CHG,Industrials,95,581.0,598.15,563.85,2.95,2.95,64.9,1.0,17.1464,,22.2,,RSI 60 | MACD bullish crossover | EMA20>EMA50>SMA200 | Stoch 56/38 | OBV rising | Mom +2.5%,575.0,NO,-3.85,Backtest: Held to Monday close. -3.8%,0,0
2025-09-29 00:00,SEIT,Energy,95,56.8827018737793,59.15,54.61,3.99,4.0,64.9,1.0,2.2717,,22.2,,RSI 54 | MACD bullish crossover | EMA20>EMA50>SMA200 | Stoch 53/39 | OBV rising | Mom +3.6%,56.88,NO,0.71,Backtest: Held to Monday close. +0.7%,1,1
2025-09-29 00:00,SEQI,FinServices,90,77.06695556640625,78.13,76.0,1.38,1.38,63.8,1.0,1.0652,,20.6,,RSI 46 | MACD bullish crossover | BB %B 0.46 | Stoch 48/27 | OBV rising | Mom +1.8%,76.27,NO,-1.55,Backtest: Held to Monday close. -1.5%,0,0
2025-09-29 00:00,ABF,ConsStaples,80,2026.597412109375,2070.38,1982.81,2.16,2.16,61.7,1.0,43.7834,,17.5,,RSI 43 | MACD rising | BB %B 0.44 | Stoch 67/39 | OBV rising | Mom +2.6%,2124.58,YES,4.89,Backtest: Held to Monday close. +4.9%,1,1
2025-09-29 00:00,CSN,Insurance,80,271.0,277.4,264.6,2.36,2.36,61.7,1.0,6.4034,,17.5,,RSI 47 | BB %B 0.50 | EMA20>EMA50>SMA200 | Stoch 46/31 | OBV rising | Mom -0.6%,272.5,NO,0.18,Backtest: Held to Monday close. +0.2%,1,1
2025-10-06 00:00,CHRY,FinServices,95,123.4000015258789,126.88,119.92,2.82,2.82,64.9,1.0,3.479,,22.5,,RSI 56 | MACD bullish crossover | EMA20>EMA50>SMA200 | Stoch 76/64 | OBV rising | Mom +2.5%,120.2,NO,-0.66,Backtest: Held to Monday close. -0.7%,0,0
2025-10-06 00:00,SMIN,Industrials,85,2401.677490234375,2444.6,2358.76,1.79,1.79,62.8,1.0,42.9187,,19.4,,RSI 61 | MACD rising | EMA20>EMA50>SMA200 | Stoch 52/50 | OBV rising | Mom +3.3%,2371.68,NO,-1.08,Backtest: Held to Monday close. -1.1%,0,0
2025-10-06 00:00,SN,Pharma,85,1342.0,1360.81,1323.19,1.4,1.4,62.8,1.0,18.8072,,19.4,,RSI 47 | BB %B 0.34 | EMA20>EMA50>SMA200 | Stoch 44/43 | OBV rising | Mom +1.4%,1311.0,NO,-1.8,Backtest: Held to Monday close. -1.8%,0,0
2025-10-06 00:00,CSN,Insurance,85,273.5,280.11,266.89,2.42,2.42,62.8,1.0,6.605,,19.4,,RSI 51 | MACD rising | EMA20>EMA50>SMA200 | Stoch 61/60 | OBV rising | Mom +0.9%,274.5,NO,-0.18,Backtest: Held to Monday close. -0.2%,0,0
2025-10-06 00:00,BGEO,Banking,85,7634.39404296875,7886.1,7382.69,3.3,3.3,62.8,1.0,251.706,,19.4,,RSI 54 | MACD rising | EMA20>EMA50>SMA200 | Stoch 63/51 | OBV rising | Mom +1.9%,7724.39,NO,-0.26,Backtest: Held to Monday close. -0.3%,0,0
2025-10-13 00:00,CWK,ConsStaples,90,4954.7373046875,5052.41,4857.07,1.97,1.97,63.8,1.0,97.6677,,23.1,,RSI 46 | MACD bullish crossover | BB %B 0.45 | Stoch 62/41 | OBV rising | Mom +1.0%,5089.73,YES,2.72,Backtest: Held to Monday close. +2.7%,1,1
2025-10-13 00:00,HMSO,FinServices,85,293.0,300.01,285.99,2.39,2.39,62.8,1.0,7.0147,,21.4,,RSI 56 | MACD bullish crossover | EMA20>EMA50>SMA200 | OBV rising | Mom +1.7%,296.0,NO,0.27,Backtest: Held to Monday close. +0.3%,1,1
2025-10-13 00:00,MAB,Leisure,80,249.0,257.74,240.26,3.51,3.51,61.7,1.0,8.7355,,19.6,,RSI 47 | MACD bullish crossover | BB %B 0.41 | Stoch 35/33 | Mom +2.0%,244.0,NO,-0.81,Backtest: Held to Monday close. -0.8%,0,0
2025-10-13 00:00,PHNX,Insurance,75,668.5,680.33,656.67,1.77,1.77,60.7,1.0,11.8338,,17.9,,RSI 58 | MACD rising | EMA20>EMA50>SMA200 | OBV rising | Mom +0.7%,649.5,NO,-2.48,Backtest: Stop triggered. -2.5%,0,0
2025-10-13 00:00,SPX,Industrials,75,6929.4912109375,7079.28,6779.7,2.16,2.16,60.7,1.0,149.7895,,17.9,,RSI 48 | BB %B 0.40 | EMA20>EMA50>SMA200 | Stoch 40/40 | OBV rising,6644.51,NO,-2.64,Backtest: Stop triggered. -2.6%,1,0
2025-10-20 00:00,HILS,Industrials,90,2104.82763671875,2158.6,2051.05,2.55,2.55,63.8,1.0,53.7727,,21.2,,RSI 54 | MACD bullish crossover | EMA20>EMA50>SMA200 | Stoch 71/56 | OBV rising | Mom -0.5%,2179.82,YES,5.31,Backtest: Held to Monday close. +5.3%,1,1
2025-10-20 00:00,SN,Pharma,85,1356.0,1375.67,1336.33,1.45,1.45,62.8,1.0,19.6656,,19.7,,RSI 55 | MACD bullish crossover | EMA20>EMA50>SMA200 | OBV rising | Mom +2.4%,1378.0,YES,1.4,Backtest: Held to Monday close. +1.4%,1,1
2025-10-20 00:00,DOCS,Retail,85,91.73828125,96.07,87.41,4.72,4.72,62.8,1.0,4.3307,,19.7,,RSI 52 | BB %B 0.47 | EMA20>EMA50>SMA200 | Stoch 43/36 | OBV rising | Mom +3.2%,93.64,NO,2.97,Backtest: Held to Monday close. +3.0%,1,1
2025-10-20 00:00,ELM,Chemicals,85,164.1999969482422,169.23,159.17,3.06,3.06,62.8,1.0,5.0272,,19.7,,RSI 52 | MACD rising | EMA20>EMA50>SMA200 | Stoch 61/56 | OBV rising | Mom +0.9%,170.8,YES,4.02,Backtest: Held to Monday close. +4.0%,1,1
2025-10-20 00:00,PPET,FinServices,85,576.9578247070312,589.76,564.15,2.22,2.22,62.8,1.0,12.8031,,19.7,,RSI 61 | MACD bullish crossover | EMA20>EMA50>SMA200 | Stoch 44/35 | Mom +1.4%,621.95,YES,6.32,Backtest: Held to Monday close. +6.3%,1,1
2025-10-27 00:00,AJB,FinServices,95,550.8809814453125,570.01,531.76,3.47,3.47,64.9,1.0,19.1253,,21.8,,RSI 58 | MACD bullish crossover | EMA20>EMA50>SMA200 | Stoch 65/60 | OBV rising | Mom +3.8%,545.38,NO,-5.7,Backtest: Held to Monday close. -5.7%,0,0
2025-10-27 00:00,BGEO,Banking,95,7774.38330078125,8008.03,7540.74,3.01,3.01,64.9,1.0,233.6434,,21.8,,RSI 55 | MACD bullish crossover | EMA20>EMA50>SMA200 | Stoch 69/67 | OBV rising | Mom +3.7%,7884.37,NO,3.0,Backtest: Held to Monday close. +3.0%,1,1
2025-10-27 00:00,ANTO,Mining,85,2713.0,2790.9,2635.1,2.87,2.87,62.8,1.0,77.9001,,18.8,,RSI 58 | BB %B 0.49 | EMA20>EMA50>SMA200 | Stoch 51/40 | OBV rising | Mom +0.6%,2663.0,NO,-1.15,Backtest: Held to Monday close. -1.2%,0,0
2025-10-27 00:00,PRU,Insurance,85,1045.5,1065.88,1025.12,1.95,1.95,62.8,1.0,20.38,,18.8,,RSI 59 | MACD bullish crossover | EMA20>EMA50>SMA200 | OBV rising | Mom +3.9%,1069.0,YES,2.69,Backtest: Held to Monday close. +2.7%,1,1
2025-10-27 00:00,OXIG,Industrials,85,1931.9468994140625,2001.29,1862.61,3.59,3.59,62.8,1.0,69.3386,,18.8,,RSI 56 | MACD bullish crossover | EMA20>EMA50>SMA200 | Stoch 67/61 | OBV rising,1829.95,NO,-7.11,Backtest: Held to Monday close. -7.1%,0,0
2025-11-03 00:00,ABDN,FinServices,80,205.0,210.6,199.4,2.73,2.73,61.7,1.0,5.601,,20.7,,RSI 55 | BB %B 0.46 | EMA20>EMA50>SMA200 | Stoch 63/58 | OBV rising | Mom -0.9%,204.4,NO,0.59,Backtest: Held to Monday close. +0.6%,1,1
2025-11-03 00:00,BYIT,Industrials,80,374.1678161621094,386.12,362.21,3.19,3.2,61.7,1.0,11.9558,,20.7,,RSI 45 | MACD rising | BB %B 0.45 | Stoch 73/44 | OBV rising | Mom +1.5%,360.4,NO,-2.85,Backtest: Stop triggered. -2.8%,0,0
2025-11-03 00:00,FGP,Leisure,80,210.9738006591797,217.78,204.16,3.23,3.23,61.7,1.0,6.8097,,20.7,,RSI 48 | MACD rising | BB %B 0.49 | Stoch 54/49 | OBV rising | Mom +0.9%,203.57,NO,-3.05,Backtest: Stop triggered. -3.0%,0,0
2025-11-03 00:00,BP,Energy,75,447.26104736328125,455.52,439.0,1.85,1.85,60.7,1.0,8.2594,,18.9,,RSI 64 | MACD rising | EMA20>EMA50>SMA200 | OBV rising | Mom +2.6%,476.0,YES,5.88,Backtest: Held to Monday close. +5.9%,1,1
2025-11-03 00:00,CSN,Insurance,75,278.5,284.36,272.64,2.1,2.1,60.7,1.0,5.8562,,18.9,,RSI 58 | MACD rising | EMA20>EMA50>SMA200 | OBV rising | Mom +0.9%,277.5,NO,-1.25,Backtest: Held to Monday close. -1.2%,0,0
2025-11-10 00:00,SUPR,FinServices,95,80.98546600341797,82.51,79.46,1.88,1.88,64.9,1.0,1.5212,,22.6,,RSI 58 | MACD bullish crossover | EMA20>EMA50>SMA200 | Stoch 63/54 | OBV rising | Mom +2.3%,79.29,NO,-3.06,Backtest: Stop triggered. -3.1%,0,0
2025-11-10 00:00,RR,Industrials,90,1161.0,1190.0,1132.0,2.5,2.5,63.8,1.0,29.0039,,20.9,,RSI 55 | MACD bullish crossover | EMA20>EMA50>SMA200 | Stoch 76/56 | OBV rising | Mom -0.3%,1120.5,NO,-3.7,Backtest: Stop triggered. -3.7%,0,0
2025-11-10 00:00,EDV,Mining,85,3142.0,3272.15,3011.85,4.14,4.14,62.8,1.0,130.1515,,19.4,,RSI 53 | BB %B 0.47 | EMA20>EMA50>SMA200 | Stoch 71/40 | OBV rising | Mom +3.4%,3168.0,NO,0.64,Backtest: Held to Monday close. +0.6%,1,1
2025-11-10 00:00,LRE,Insurance,85,675.4108276367188,692.45,658.37,2.52,2.52,62.8,1.0,17.0418,,19.4,,RSI 58 | MACD rising | EMA20>EMA50>SMA200 | Stoch 75/64 | OBV rising | Mom +3.4%,653.43,NO,-3.68,Backtest: Stop triggered. -3.7%,0,0
2025-11-10 00:00,FGP,Leisure,80,207.77420043945312,214.73,200.82,3.35,3.35,61.7,1.0,6.9539,,17.7,,RSI 46 | MACD bullish crossover | BB %B 0.44 | Stoch 36/32 | OBV rising,200.38,NO,-4.66,Backtest: Stop triggered. -4.7%,0,0
2025-11-17 00:00,BT-A,Telecoms,90,178.6763153076172,182.83,174.53,2.32,2.32,63.8,1.0,4.1493,,23.1,,RSI 40 | MACD bullish crossover | BB %B 0.24 | Stoch 30/27 | OBV rising | Mom +0.9%,178.03,NO,0.25,Backtest: Held to Monday close. +0.3%,1,1
2025-11-17 00:00,IPF,FinServices,85,208.0,212.91,203.09,2.36,2.36,62.8,1.0,4.9107,,21.4,,RSI 54 | MACD rising | EMA20>EMA50>SMA200 | Stoch 75/70 | OBV rising | Mom +4.0%,202.5,NO,-1.22,Backtest: Stop triggered. -1.2%,0,0
2025-11-17 00:00,MAB,Leisure,80,242.0,249.41,234.59,3.06,3.06,61.7,1.0,7.4115,,19.6,,RSI 46 | MACD bullish crossover | BB %B 0.36 | Stoch 43/40 | Mom +1.7%,250.0,YES,2.88,Backtest: Held to Monday close. +2.9%,1,1
2025-11-17 00:00,COA,ConsStaples,75,80.5999984741211,82.59,78.61,2.47,2.47,60.7,1.0,1.9886,,17.9,,RSI 49 | BB %B 0.36 | EMA20>EMA50>SMA200 | Stoch 30/28 | Mom +1.1%,80.9,NO,2.41,Backtest: Held to Monday close. +2.4%,1,1
2025-11-17 00:00,HTG,Energy,75,368.5,382.48,354.52,3.79,3.79,60.7,1.0,13.9845,,17.9,,RSI 63 | MACD rising | EMA20>EMA50>SMA200 | OBV rising | Mom +2.4%,368.5,NO,2.22,Backtest: Held to Monday close. +2.2%,1,1
2025-11-24 00:00,CCL,Leisure,90,1843.9139404296875,1905.47,1782.36,3.34,3.34,63.8,1.0,61.5587,,21.3,,RSI 45 | MACD bullish crossover | BB %B 0.42 | Stoch 55/36 | OBV rising | Mom +2.8%,1812.92,NO,0.33,Backtest: Held to Monday close. +0.3%,1,1
2025-11-24 00:00,MGNS,Materials,90,4490.0,4610.17,4369.83,2.68,2.68,63.8,1.0,120.1665,,21.3,,RSI 48 | MACD bullish crossover | BB %B 0.47 | Stoch 75/67 | OBV rising | Mom +2.6%,4685.0,YES,3.88,Backtest: Held to Monday close. +3.9%,1,1
2025-11-24 00:00,EDV,Mining,85,3294.0,3450.81,3137.19,4.76,4.76,62.8,1.0,156.8121,,19.7,,RSI 57 | MACD rising | EMA20>EMA50>SMA200 | Stoch 49/40 | OBV rising | Mom +3.4%,3434.0,NO,3.93,Backtest: Held to Monday close. +3.9%,1,1
2025-11-24 00:00,RTO,Industrials,85,405.5,413.45,397.55,1.96,1.96,62.8,1.0,7.9536,,19.7,,RSI 49 | BB %B 0.35 | EMA20>EMA50>SMA200 | Stoch 37/31 | OBV rising | Mom +0.5%,419.5,YES,3.3,Backtest: Held to Monday close. +3.3%,1,1
2025-11-24 00:00,PHNX,Insurance,80,664.0,676.24,651.76,1.84,1.84,61.7,1.0,12.2413,,18.0,,RSI 46 | BB %B 0.26 | EMA20>EMA50>SMA200 | Stoch 34/27 | OBV rising | Mom -0.4%,694.0,YES,4.52,Backtest: Held to Monday close. +4.5%,1,1
2025-12-01 00:00,CCEP,ConsStaples,95,6970.0,7106.25,6833.75,1.95,1.95,64.9,1.0,136.246,,22.2,,RSI 55 | MACD bullish crossover | EMA20>EMA50>SMA200 | Stoch 48/43 | OBV rising | Mom +2.2%,6830.0,NO,-3.8,Backtest: Stop triggered. -3.8%,0,0
2025-12-01 00:00,SDR,FinServices,90,386.0,393.6,378.4,1.97,1.97,63.8,1.0,7.6038,,20.6,,RSI 51 | MACD rising | BB %B 0.47 | EMA20>EMA50>SMA200 | OBV rising | Mom +1.9%,390.8,NO,1.14,Backtest: Held to Monday close. +1.1%,1,1
2025-12-01 00:00,DCC,Industrials,85,5025.0,5119.62,4930.38,1.88,1.88,62.8,1.0,94.6153,,19.1,,RSI 59 | MACD rising | EMA20>EMA50>SMA200 | Stoch 78/76 | OBV rising | Mom +2.3%,5005.0,NO,-0.6,Backtest: Held to Monday close. -0.6%,0,0
2025-12-01 00:00,INF,Media,85,946.2000122070312,964.45,927.95,1.93,1.93,62.8,1.0,18.2503,,19.1,,RSI 52 | MACD rising | EMA20>EMA50>SMA200 | Stoch 63/60 | OBV rising | Mom +3.3%,942.6,NO,-0.38,Backtest: Held to Monday close. -0.4%,0,0
2025-12-01 00:00,NXT,Retail,85,14095.505859375,14343.94,13847.08,1.76,1.76,62.8,1.0,248.4307,,19.1,,RSI 57 | BB %B 0.49 | EMA20>EMA50>SMA200 | Stoch 49/47 | OBV rising | Mom +2.9%,13661.48,NO,-3.08,Backtest: Held to Monday close. -3.1%,0,0
2025-12-08 00:00,AAS,FinServices,90,361.98583984375,368.73,355.24,1.86,1.86,63.8,1.0,6.7417,,21.6,,RSI 48 | MACD rising | BB %B 0.46 | EMA20>EMA50>SMA200 | Stoch 74/70 | OBV rising,362.99,NO,-0.55,Backtest: Held to Monday close. -0.5%,0,0
2025-12-08 00:00,JMAT,Chemicals,90,2004.0,2054.24,1953.76,2.51,2.51,63.8,1.0,50.2412,,21.6,,RSI 44 | MACD bullish crossover | BB %B 0.40 | Stoch 46/43 | OBV rising | Mom +0.7%,2098.0,YES,3.86,Backtest: Held to Monday close. +3.9%,1,1
2025-12-08 00:00,PRU,Insurance,85,1097.5,1119.42,1075.58,2.0,2.0,62.8,1.0,21.9169,,20.1,,RSI 60 | MACD rising | EMA20>EMA50>SMA200 | Stoch 76/71 | OBV rising | Mom +0.6%,1072.5,NO,-2.46,Backtest: Stop triggered. -2.5%,1,0
2025-12-08 00:00,NG,Utilities,80,1135.5,1150.79,1120.21,1.35,1.35,61.7,1.0,15.2852,,18.3,,RSI 47 | BB %B 0.31 | EMA20>EMA50>SMA200 | Stoch 41/39 | OBV rising | Mom -0.7%,1117.0,NO,-1.24,Backtest: Stop triggered. -1.2%,0,0
2025-12-08 00:00,QQ,Industrials,80,421.3742370605469,433.37,409.38,2.85,2.85,61.7,1.0,11.9933,,18.3,,RSI 41 | MACD rising | BB %B 0.42 | Stoch 50/43 | OBV rising | Mom +3.5%,434.37,YES,2.5,Backtest: Held to Monday close. +2.5%,1,1
2025-12-15 00:00,FEV,FinServices,95,421.5,426.48,416.52,1.18,1.18,64.9,1.0,4.9773,,21.9,,RSI 54 | MACD bullish crossover | EMA20>EMA50>SMA200 | Stoch 78/68 | OBV rising | Mom +0.8%,416.0,NO,-0.95,Backtest: Stop triggered. -1.0%,0,0
2025-12-15 00:00,BAG,ConsStaples,90,634.0,648.79,619.21,2.33,2.33,63.8,1.0,14.7902,,20.3,,RSI 43 | MACD bullish crossover | BB %B 0.40 | Stoch 45/32 | OBV rising | Mom +1.3%,627.0,NO,-1.42,Backtest: Held to Monday close. -1.4%,0,0
2025-12-15 00:00,GAMA,Telecoms,90,922.0,944.1,899.9,2.4,2.4,63.8,1.0,22.0969,,20.3,,RSI 44 | MACD bullish crossover | BB %B 0.47 | Stoch 51/33 | OBV rising | Mom +0.5%,914.0,NO,-1.61,Backtest: Held to Monday close. -1.6%,0,0
2025-12-15 00:00,CSN,Insurance,85,284.5,290.62,278.38,2.15,2.15,62.8,1.0,6.12,,18.8,,RSI 61 | MACD rising | EMA20>EMA50>SMA200 | Stoch 72/67 | OBV rising | Mom +0.9%,298.0,YES,7.19,Backtest: Held to Monday close. +7.2%,1,1
2025-12-15 00:00,KIE,Materials,85,221.5,228.93,214.07,3.35,3.35,62.8,1.0,7.4256,,18.8,,RSI 57 | MACD bullish crossover | EMA20>EMA50>SMA200 | Stoch 68/51 | Mom +1.8%,226.0,NO,2.49,Backtest: Held to Monday close. +2.5%,1,1
2025-12-22 00:00,RICA,FinServices,90,294.0,298.49,289.51,1.53,1.53,63.8,1.0,4.4941,,21.2,,RSI 48 | MACD rising | BB %B 0.46 | EMA20>EMA50>SMA200 | Stoch 35/33 | OBV rising,292.0,NO,-0.85,Backtest: Held to Monday close. -0.8%,0,0
2025-12-22 00:00,BLND,RealEstate,85,390.79998779296875,400.01,381.59,2.36,2.36,62.8,1.0,9.2095,,19.7,,RSI 52 | BB %B 0.43 | EMA20>EMA50>SMA200 | Stoch 30/25 | OBV rising | Mom +2.4%,401.4,YES,2.19,Backtest: Held to Monday close. +2.2%,1,1
2025-12-22 00:00,BWY,Materials,85,2662.0,2730.62,2593.38,2.58,2.58,62.8,1.0,68.6209,,19.7,,RSI 48 | BB %B 0.36 | EMA20>EMA50>SMA200 | Stoch 42/40 | OBV rising | Mom +2.1%,2728.0,NO,2.63,Backtest: Held to Monday close. +2.6%,1,1
2025-12-22 00:00,COA,ConsStaples,85,81.5999984741211,83.66,79.54,2.52,2.52,62.8,1.0,2.0578,,19.7,,RSI 55 | MACD rising | EMA20>EMA50>SMA200 | Stoch 72/59 | OBV rising | Mom +1.0%,84.6,YES,2.92,Backtest: Held to Monday close. +2.9%,1,1
2025-12-22 00:00,PNN,Energy,85,521.9144287109375,533.94,509.89,2.3,2.3,62.8,1.0,12.0232,,19.7,,RSI 50 | BB %B 0.33 | EMA20>EMA50>SMA200 | Stoch 33/32 | OBV rising | Mom +1.5%,532.41,NO,2.01,Backtest: Held to Monday close. +2.0%,1,1
2025-12-29 00:00,ATR,FinServices,95,560.0,570.63,549.37,1.9,1.9,64.9,1.0,10.6303,,22.9,,RSI 53 | MACD bullish crossover | EMA20>EMA50>SMA200 | Stoch 64/43 | OBV rising | Mom +1.8%,584.0,YES,4.29,Backtest: Held to Monday close. +4.3%,1,1
2025-12-29 00:00,BLND,RealEstate,85,398.79998779296875,407.38,390.22,2.15,2.15,62.8,1.0,8.5834,,19.7,,RSI 59 | MACD bullish crossover | EMA20>EMA50>SMA200 | OBV rising | Mom +3.0%,405.0,NO,1.0,Backtest: Held to Monday close. +1.0%,1,1
2025-12-29 00:00,PNN,Energy,85,528.4133911132812,540.0,516.83,2.19,2.19,62.8,1.0,11.5829,,19.7,,RSI 55 | BB %B 0.49 | EMA20>EMA50>SMA200 | Stoch 58/40 | OBV rising | Mom +1.2%,541.91,YES,1.98,Backtest: Held to Monday close. +2.0%,1,1
2025-12-29 00:00,PPH,Leisure,85,1770.0,1815.18,1724.82,2.55,2.55,62.8,1.0,45.1803,,19.7,,RSI 55 | BB %B 0.40 | EMA20>EMA50>SMA200 | Stoch 54/47 | OBV rising | Mom +1.0%,1798.0,NO,1.47,Backtest: Held to Monday close. +1.5%,1,1
2025-12-29 00:00,HIK,Pharma,80,1536.0,1563.6,1508.4,1.8,1.8,61.7,1.0,27.5955,,18.0,,RSI 43 | MACD rising | BB %B 0.46 | Stoch 43/39 | OBV rising | Mom +1.7%,1585.0,YES,3.59,Backtest: Held to Monday close. +3.6%,1,1
2026-01-05 00:00,ELM,Chemicals,95,169.0,173.41,164.59,2.61,2.61,64.9,1.0,4.4098,,22.6,,RSI 61 | MACD bullish crossover | EMA20>EMA50>SMA200 | Stoch 66/52 | OBV rising | Mom +1.8%,168.0,NO,0.84,Backtest: Held to Monday close. +0.8%,1,1
2026-01-05 00:00,DGE,ConsStaples,90,1634.0,1675.21,1592.79,2.52,2.52,63.8,1.0,41.2114,,20.9,,RSI 45 | MACD bullish crossover | BB %B 0.48 | Stoch 37/24 | OBV rising | Mom +2.8%,1577.0,NO,-4.42,Backtest: Stop triggered. -4.4%,1,0
2026-01-05 00:00,WEIR,Industrials,85,2922.0,2968.8,2875.2,1.6,1.6,62.8,1.0,46.7965,,19.4,,RSI 63 | MACD bullish crossover | EMA20>EMA50>SMA200 | OBV rising | Mom +2.5%,3030.0,YES,4.63,Backtest: Held to Monday close. +4.6%,1,1
2026-01-05 00:00,N91,FinServices,85,220.60000610351562,228.72,212.48,3.68,3.68,62.8,1.0,8.1218,,19.4,,RSI 64 | MACD rising | EMA20>EMA50>SMA200 | Stoch 80/71 | OBV rising | Mom +2.6%,219.6,NO,3.88,Backtest: Held to Monday close. +3.9%,1,1
2026-01-05 00:00,BP,Energy,80,435.1728820800781,443.44,426.9,1.9,1.9,61.7,1.0,8.2716,,17.7,,RSI 48 | MACD rising | BB %B 0.49 | Stoch 67/64 | OBV rising | Mom +2.2%,418.13,NO,-5.88,Backtest: Stop triggered. -5.9%,0,0
2026-01-12 00:00,3IN,FinServices,85,379.5,384.85,374.15,1.41,1.41,62.8,1.0,5.3499,,20.3,,RSI 63 | MACD bullish crossover | EMA20>EMA50>SMA200 | OBV rising | Mom +1.9%,374.0,NO,-1.06,Backtest: Held to Monday close. -1.1%,0,0
2026-01-12 00:00,BOWL,Leisure,85,279.9063415527344,289.14,270.67,3.3,3.3,62.8,1.0,9.2327,,20.3,,RSI 58 | MACD bullish crossover | EMA20>EMA50>SMA200 | OBV rising | Mom +3.3%,275.91,NO,-1.25,Backtest: Held to Monday close. -1.3%,0,0
2026-01-12 00:00,ITV,Media,85,81.30000305175781,83.08,79.52,2.19,2.19,62.8,1.0,1.776,,20.3,,RSI 53 | BB %B 0.46 | EMA20>EMA50>SMA200 | Stoch 53/43 | OBV rising | Mom +0.9%,79.4,NO,-2.22,Backtest: Stop triggered. -2.2%,0,0
2026-01-12 00:00,OXIG,Industrials,85,2150.0,2220.09,2079.91,3.26,3.26,62.8,1.0,70.0879,,20.3,,RSI 61 | MACD rising | EMA20>EMA50>SMA200 | Stoch 67/63 | OBV rising | Mom +2.4%,2325.0,YES,8.14,Backtest: Held to Monday close. +8.1%,1,1
2026-01-12 00:00,HSX,Insurance,80,1399.0,1422.39,1375.61,1.67,1.67,61.7,1.0,23.3911,,18.6,,RSI 54 | BB %B 0.46 | EMA20>EMA50>SMA200 | Stoch 47/45 | OBV rising | Mom -0.2%,1490.0,YES,6.73,Backtest: Held to Monday close. +6.7%,1,1
2026-01-19 00:00,SVT,Utilities,95,2874.0,2927.19,2820.81,1.85,1.85,64.9,1.0,53.1897,,23.7,,RSI 60 | MACD bullish crossover | EMA20>EMA50>SMA200 | Stoch 78/62 | OBV rising | Mom +1.9%,2814.0,NO,-2.26,Backtest: Stop triggered. -2.3%,1,0
2026-01-19 00:00,COST,Materials,95,164.0,168.36,159.64,2.66,2.66,64.9,1.0,4.3603,,23.7,,RSI 62 | MACD bullish crossover | EMA20>EMA50>SMA200 | Stoch 78/74 | OBV rising | Mom +1.2%,178.8,YES,13.74,Backtest: Held to Monday close. +13.7%,1,1
2026-01-19 00:00,BLND,RealEstate,85,412.3999938964844,421.86,402.94,2.29,2.29,62.8,1.0,9.4618,,20.3,,RSI 61 | MACD rising | EMA20>EMA50>SMA200 | Stoch 72/62 | OBV rising | Mom +3.9%,410.0,NO,-0.15,Backtest: Held to Monday close. -0.1%,0,0
2026-01-19 00:00,PRU,Insurance,75,1195.0,1217.11,1172.89,1.85,1.85,60.7,1.0,22.1118,,17.0,,MACD bullish crossover | EMA20>EMA50>SMA200 | Stoch 75/65 | OBV rising | Mom +2.5%,1167.5,NO,-1.23,Backtest: Stop triggered. -1.2%,0,0
2026-01-19 00:00,IAG,Leisure,70,410.5,420.64,400.36,2.47,2.47,59.6,1.0,10.1418,,15.3,,RSI 48 | BB %B 0.27 | EMA20>EMA50>SMA200 | Stoch 25/22 | Mom -0.1%,416.4,NO,1.73,Backtest: Held to Monday close. +1.7%,1,1
2026-01-26 00:00,ITV,Media,85,81.94999694824219,83.65,80.25,2.07,2.07,62.8,1.0,1.6963,,21.1,,RSI 56 | MACD bullish crossover | EMA20>EMA50>SMA200 | OBV rising | Mom +3.2%,81.7,NO,-0.97,Backtest: Held to Monday close. -1.0%,0,0
2026-01-26 00:00,ZIG,Industrials,85,376.0,387.88,364.12,3.16,3.16,62.8,1.0,11.8785,,21.1,,RSI 49 | BB %B 0.31 | EMA20>EMA50>SMA200 | Stoch 48/42 | OBV rising | Mom +0.9%,386.5,NO,4.46,Backtest: Held to Monday close. +4.5%,1,1
2026-01-26 00:00,ABF,ConsStaples,80,1881.5,1922.41,1840.59,2.17,2.17,61.7,1.0,40.9121,,19.3,,RSI 32 oversold | MACD bullish crossover | BB %B 0.35 | Stoch 20/19 | OBV rising | Mom +1.4%,1873.5,NO,-0.93,Backtest: Held to Monday close. -0.9%,0,0
2026-01-26 00:00,AZN,Pharma,80,13750.5888671875,14065.01,13436.17,2.29,2.29,61.7,1.0,314.4216,,19.3,,RSI 50 | BB %B 0.41 | EMA20>EMA50>SMA200 | Stoch 42/32 | OBV rising | Mom -1.0%,13814.58,NO,0.12,Backtest: Held to Monday close. +0.1%,1,1
2026-01-26 00:00,BLND,RealEstate,80,411.6000061035156,421.11,402.09,2.31,2.31,61.7,1.0,9.5119,,19.3,,RSI 59 | MACD rising | EMA20>EMA50>SMA200 | Stoch 74/67 | OBV rising | Mom -0.2%,418.0,NO,1.21,Backtest: Held to Monday close. +1.2%,1,1
2026-02-02 00:00,LRE,Insurance,95,627.0,641.82,612.18,2.36,2.36,64.9,1.0,14.8209,,21.5,,RSI 59 | MACD bullish crossover | EMA20>EMA50>SMA200 | Stoch 75/56 | OBV rising | Mom +2.3%,637.0,NO,0.0,Backtest: Held to Monday close. +0.0%,0,0
2026-02-02 00:00,PINT,FinServices,95,114.0,117.23,110.77,2.83,2.83,64.9,1.0,3.2319,,21.5,,RSI 60 | MACD bullish crossover | EMA20>EMA50>SMA200 | Stoch 75/70 | OBV rising | Mom +2.7%,113.5,NO,-0.44,Backtest: Held to Monday close. -0.4%,0,0
2026-02-02 00:00,TRN,Industrials,90,210.1999969482422,218.71,201.69,4.05,4.05,63.8,1.0,8.5068,,19.9,,RSI 46 | MACD bullish crossover | BB %B 0.45 | Stoch 44/24 | OBV rising | Mom +2.0%,200.2,NO,-6.27,Backtest: Stop triggered. -6.3%,0,0
2026-02-02 00:00,IHG,Leisure,85,140.39999389648438,144.42,136.38,2.86,2.86,62.8,1.0,4.0245,,18.5,,RSI 60 | MACD bullish crossover | EMA20>EMA50>SMA200 | OBV rising | Mom +3.9%,136.15,YES,-3.41,Backtest: Stop triggered. -3.4%,1,0
2026-02-02 00:00,BWY,Materials,85,2744.0,2815.56,2672.44,2.61,2.61,62.8,1.0,71.5626,,18.5,,RSI 54 | MACD bullish crossover | EMA20>EMA50>SMA200 | Stoch 72/63 | Mom +1.6%,2644.0,NO,-5.91,Backtest: Stop triggered. -5.9%,0,0
2026-02-09 00:00,ELM,Chemicals,95,168.0,174.43,161.57,3.83,3.83,64.9,1.0,6.4254,,22.5,,RSI 53 | MACD bullish crossover | EMA20>EMA50>SMA200 | Stoch 55/50 | OBV rising | Mom +1.2%,171.0,NO,6.88,Backtest: Held to Monday close. +6.9%,1,1
2026-02-09 00:00,ITRK,Industrials,85,4490.0,4566.06,4413.94,1.69,1.69,62.8,1.0,76.0619,,19.4,,RSI 45 | MACD bullish crossover | BB %B 0.38 | Stoch 52/51 | OBV rising | Mom -0.2%,4412.0,NO,-1.82,Backtest: Stop triggered. -1.8%,0,0
2026-02-09 00:00,SHEL,Energy,85,2822.641357421875,2880.82,2764.47,2.06,2.06,62.8,1.0,58.1744,,19.4,,RSI 58 | MACD rising | EMA20>EMA50>SMA200 | Stoch 75/59 | OBV rising | Mom +1.6%,2866.64,NO,1.49,Backtest: Held to Monday close. +1.5%,1,1
2026-02-09 00:00,BRGE,FinServices,85,592.0,600.5,583.5,1.44,1.44,62.8,1.0,8.4995,,19.4,,RSI 53 | BB %B 0.44 | EMA20>EMA50>SMA200 | Stoch 56/34 | OBV rising | Mom +0.5%,581.0,NO,-2.02,Backtest: Stop triggered. -2.0%,0,0
2026-02-09 00:00,SRE,RealEstate,85,99.5,102.53,96.47,3.05,3.05,62.8,1.0,3.0257,,19.4,,RSI 53 | BB %B 0.47 | EMA20>EMA50>SMA200 | Stoch 51/40 | OBV rising | Mom +1.0%,105.0,YES,5.74,Backtest: Held to Monday close. +5.7%,1,1
2026-02-16 00:00,BPT,FinServices,90,266.3999938964844,276.06,256.74,3.63,3.63,63.8,1.0,9.6563,,20.9,,RSI 45 | MACD bullish crossover | BB %B 0.39 | Stoch 53/50 | OBV rising | Mom +1.8%,250.0,NO,-6.02,Backtest: Stop triggered. -6.0%,0,0
2026-02-16 00:00,ENOG,Energy,90,866.7113037109375,892.12,841.3,2.93,2.93,63.8,1.0,25.4136,,20.9,,RSI 46 | MACD bullish crossover | BB %B 0.44 | Stoch 74/44 | OBV rising | Mom +1.6%,880.71,NO,0.86,Backtest: Held to Monday close. +0.9%,1,1
2026-02-16 00:00,RR,Industrials,85,1298.0,1333.88,1262.12,2.76,2.76,62.8,1.0,35.8791,,19.4,,RSI 62 | MACD bullish crossover | EMA20>EMA50>SMA200 | OBV rising | Mom +1.8%,1310.0,NO,0.92,Backtest: Held to Monday close. +0.9%,1,1
2026-02-16 00:00,APN,ConsStaples,85,241.5,249.31,233.69,3.23,3.23,62.8,1.0,7.8142,,19.4,,RSI 56 | MACD bullish crossover | EMA20>EMA50>SMA200 | OBV rising | Mom +2.8%,247.5,NO,1.02,Backtest: Held to Monday close. +1.0%,1,1
2026-02-16 00:00,JUST,Insurance,85,217.0,217.87,216.13,0.4,0.4,62.8,1.0,0.8732,,19.4,,RSI 62 | MACD bullish crossover | EMA20>EMA50>SMA200 | Stoch 33/28 | OBV rising,217.0,NO,-0.69,Backtest: Held to Monday close. -0.7%,0,0
